to,encrypted msg
5,JGxhfjpAZwqUj5RKV1ysmQBn6Cx2YWGe2oDy4NSrkSJfkR9A8xgyYa53ncfaPlG6aWu011VDX0k5GbbIiZee1v5TCDjUPbbE2BaqrQh8TmWBEQvYkEX3H8HUBTZqaABF1H78dqAZJt+3RdUwhEoR9+lUbFoly1bZIKsYrZMMDZ+2OAYE4nBbXxFF+dbpIxILBlEfCKCNOjeg+BN2VBQExtowR84Ac/qcvDlohDoUkJIhexF9hUPHrI05JB/p1g5vuxd9reEPRWPH0fy4Ven7Vc1ebCxwBDYxhLvifq6/2E/c+YfaDjAyX2i74T2dbAoWIj8qq3nsRN50BgB829rJJA==
4,vD4LJZbNwfUpJB5v4QWoW9AKSs5fvhMaVR/fUqIoDouBXjREj52tbiwDIBOaqKW+zD5MU6L35QstVygRWbM9Yq536KsaE0gSfdlRPOSKV+srN4qHZWZdODfUUd50RCgdMXq0s2d1q4BEkrfcGrl4DrljbDnF4llMdlK+f5kjV9OuZZusAePH7QMpP11ORHol9eGQ9l71OQOxR2oKhljkVuphNgCj8YlVpCRoC240kUdBAphJN6ilwvvd+AawYkXmHQmulUb/3rdLq6Rwl/gg+kV205HTzSYf6NFdVwx7xzync48MJMjAswMOAeaCs+4pfDF0NnhHxiVQ24qdUBAfDA==
7,oHAWtHkcfEzxpB3J+NWE4JzXS7MNHqsO0fpeirMa18HviNsL1zFNeHOnGp4NbOVjnV4SWiwRDq/ibBaweNvVPDk2g604Q+nGsb1OANKjn2txzGoVc3apxJ47cQDCKnueW7BnBQMm2gDo0gxY5G/86y1J+YDTFW+7CDDYRoaHcbXZq5ImVCZm93I3uGWTyr+GTrKR0VJjFDafjdWlbGWMdcZQ/p81PjHgye2bELlykv2NSeLdjGYXkpaTs9dcgd0yxvQirzQye4+i9g2VLGsZcHVvsjyUZZ5AbQhcXruciNB/BLPPZXnAc0uGdYv8GgJU8RfMidebnCrxOiF+TsKB/Q==
5,EzMDrET/gZuj6nwno3TnGs0Q+6AD4MfFdwW3+/u+bcIByV1Q0MGHtUJk8LzEmmnIOcpz6cOHjirgrjBii09CBSSoD8lQVKOi/LHQsOkCCbhhyv1RQPuI3KGFPBz5D+Y1+jBs1PgDKwhIPVlwqC508RBdqJjW8Fv2Woyr+bZ3SPiiRKAHwIFXGT8HDDflyGQDKcyDuxPQkiJR2ZK5/KaFJ/dJMMmLx9S1kqg52Cupn4/6eo7gZEi1ddc1xDcl7gvE+rxBdw6t32H0vWTooJqqISi9ySKlR7ba/g3a3PySh68yM82eWSX9dLpkmDvGytLX5gder3056oHy4Y5a2K08Hw==
3,0C7V45+rxAKiTLUc62W6aJ/3AH22q4V4V5FU4e0+U2jX4MySiHvBSp/wty9VCZ5J45E9/LMMDxXgL8URFLSOxpK+0xKY8rModT9h8WkTn/L2eJ20moDrxd4DaJYkBlBz82l7fJ3JG2KQzmSXkFXZjBWWzxLR+J/B8YGY+rgaSGOZodWLv4tm8hxWAlr/op7gjGHyN4D49Lxobf96aOWz8hwFH4+5JTRZWxcL8fJrqi5m9Ct5GQkfo0zUw2tWbKMVfmfhE+tfcwW7vIZFyM8jRfA34hXexhf0zWyLySGNybwnpn173HK5s3rdBU7GQmu6v7IRdZAMOQE+AWdbGzkOUg==
7,gO4ofWYgWMZI0quzKCc6uxoFF8CwyB693vaUU081gX+HrMkQKu4yfr2lw+xku7ZcTX4EBuUTZFOhSQpF5Mg0EQcvjI5UIteAAJdWVQ6au4EWuPVXAdpG/08q/9vUsndXREtOmQadArjXxlLhUP9bn5yClYNvRsJV2I3BISYubywG6rhRMI1Ru9Y+K+7pmEdPiDslzuHmggWrFc7/iPkjRPOC1ohTk3kK3s2+o5yDEXwEzNwyYyyGa4dMH9kloqXFb2tQGhQTYNEY+dSE0lKL7cosV+Nihp99O8wTfCmtDOspU/erGkEgVt7XBIOkKSDYOdmwq0nE0k1Qp1MzQInS4A==
8,AYW9p3al64Wn4S3KfKrNCvzb6JiK//P6jnO2WZZWcnEc1b8cnB0hchGnFd9dEA1/wcUoRrnLCiQ/qswn7VJJ0sC876NN9MGlSlLyLwlhMEH4lEDxk5EHb7qvkJ7tBVWZuaMc8IjFBoTemCIhmLT6I/J9raEiWwT8F3oJP6kouY9Occ3bCaU+pTrMZbBSkmMLpuUuBpTK5LjH5FoMlqBtYWpyror6VA47xGjyi0AdfROZvlFKb88ASmkR/MyZn/JR+XOYTjk2BxQCo2u0TkmEYiDYq1foym7cJjSRIaFWnqqgYuhUBcIGfPOmhhYGnOYfbBFAh4bVHxyYusQ4YkI8JA==
5,hu88nounL6ifeTk1cxBJv9/U1HKfIPUfXNs/FcHTG08NgBwjxHLC0B9O5FEG9PFm/fBWvRysdpRF6F29PeEX+KJ0ZlYoyK3ITvVOyWe2A7CX6ND0pLe9a4Y9mOyvGx581mn7UyVh7XDw75jdGwWFd6rUWmOafaXYQXqL+ZxqFLG9Xf9JRbsnKzTroLNriiorhnVMHKin2CVDDuqUMivNN8VYKCulARBJSMYXHNvmxY4ehygzEP98rXxlFSggcFN1SDNKRJBLrraLJ/B9dBZ2ll4mmEhBKr2v6PzLSdbCpUhlTV5IbWepI/71EqcluWbvqBcdV5cPksaNrcsOTxxkhg==
1,XHFGUoG5K1ycCCZL4melWp6PUp3e8GkcTRIC0MVR0eLMoVVUl9iiEDVNnyVopWKyQofN0AWHPqLpDiKWfQcXKHp6r7gVD62VaczLhAiFrlJNg7nnSrLjyj/D5GwuA4bX2PmOBGEVzABiIQRFTL+PPODgeozVwE3yR9IBcVh8yR8PtcFAwKNKqup3Fo2T6DZEvzOJreLMScuVPeZ4AA/vmA/qI0iBcqaW7iniAvyAfA/SSYKxcnrLv2ahg1k9jZoM+j+SoFI9xYztcAJTvVpAyfZHTRRZ4Pf6wETBuNngCEjYDRFDf2FXDIQWzokIa5pOHN2qt12698YkDG4937QWNQ==
8,WrPaO3titVJ6f2jj38CnbeFxqEmmzXpb/zjpDlPDJK7Q4PXgt1G05KhpSyUC7nY4AixBnUal9ljRavOCJBppdxf2blduCJtfZaCdXjFxY+Wygk5N6SSmq0CqRJna9ujn/QCLMv27x8e4O+78l0Qbus5Y63wVxMtGZA0L+bYMCSHcFZNxcAHoDc3+P2B5UESHjEw5zbpa+Ejp2nA5G4iafJW8cFmy9+IyrpDSuiwpT2VX/fK0o9fnBAv5cyLE3cZa5t7YUeUnzt3IsWvsAVW4Jv0HUsPLVmbZWkqG3XqJ+mEBQKJ/PGts8tffEtjlkJbEt5HULYHPZXh0EvK/ynRlCg==
4,oV53FsqsXowbVmP5kW8LD9fOGldwAwrvKW+8AK11htnvGU8PATPvig4g9OPWjZYGyMNCO5Q1MzQsu+vH3rzZce7dqmlqk/cY0fQBms4x3bayr6hSaZyQfZ4orZ+QLJr7DwDFM8joO3PBR558/jAkknxgV2X48MBKnGYWpsUFEMYfFaYCgudCJX+42Pzy/ZfV06xz51VCmFg6HLC9zjAo8S3JRRv2xVYza6T7p2Y2mjP5IvU9Jj2yBVQ3RQgTwWf6P7Ky+EGFU0LcRL46UdUG+2PGzWer43lJR5Dpb1Zw5WoiofMv+mdlfNrFWvt/4B5Ud/NMmdGIIGRTkif0TEDaVg==
1,LaMBqxZWPXwT5OnSUQ7GanVePNWndleuiOTMGniucARam9e2UaZ1qSgSM5J9CJ+1+4y1uW1o8Htyu6LHD6tQv6qP/1l63sEleFMxqV9/3GLiaYIPpSJmSgl8MfO7tZPNq16EdDmpFHlZgZocy0r4Z8KA4sxIGQxLZDBezJter+tA0ASNsB+Pwa4NNKPS6LwzOT43XTk1TCiNKiQOQX3q786q0FwfJD00d/dvSAp1PHSjjCcwU33X75LszreuUlugZjbFBmrr4i9S98eRD5q4SaVOVo/u9BX0RcuNj7xS47kEJAFZNkQx3mKVRqGXxVQo38EGR0JM/kYld78lhS1lzw==
3,AIcA8Vh/48MFZavU25Jm+Uo6f9kOPC0DPP1KDVHvJuSIvHllR6hNBEcJzVZvy/NPcF+mmIfraIa32M5J7/8v0C0dslWndq8r+Wq0iC7HE3m9tnc2+BeA/dTWTh7z184MnBmj3vxDzgphBKM503TP2Fmns5Se7PAYTEVNauCdFHPAv7/yrIMQ/eKYa+qC4pk3U6g3cmPQJPIZfW5I1X5lX8JELAqTSY/GTldB3UTs2tiHsON27q54Yoky3ORW0bB6EA4zsT1/W4KfqS73EfT/g2nCzRZy9VdzAjfBC9x/QWOVSke+TyH2cnyM1cDN7xXYslx046ZEukCsbw8Dr+NIdg==
4,UIRcLOAeu8ZFDJlujkSEjKlO/Dgy3fNnjHOy4VsjTxcua27jGRQCXHAjELfu+DozCTR8ZnO/OTeQrwENt/qT9PUrj3UVztCy679EiqU11IDg8BKgHkz/NIiQ3Vu5M95gFimUDNQ9aGtmVPSt9fJe1+gaK4ZYFfL0SiKgjLd67cwo9uYEcjDiTW7Mvn8QkR8sW3xUXVlSYu2O0XuCCbcEOahv2DeqXX0uVI0J/hJ+7aGR8R9qJaKIUvIPCuEXhibpvDrrcg+DjsA2du1658E7GDi00SZPXhXx1wPxijmSfrPzIjSmXMlnyWJJK6E6r9iMRBZdzizBA1wrSKvLd5ZvIQ==
5,L21xqFY/l/ueQZs0NmaT05LwStoWXoRfGCUVaWmb0ZI1mD51ZaUbglzNMCMMUBJjV9GKLa08yMxi9rfJTjoKki7/PDBGpx3VktFUo2gl5hd3ym8kLpYKBmbDMvedtdZaVl8VCOKdRoZO7vDi30pSdwqFI9YPACbutr94O5959LwiuALHzEwor5ZvBMT9blDf+ksbY700v/NRHYog89nmUHBfoxwN5OUqp0Bzln/cD+Du/IvTx1uA+WaYnMs/aXPmG1RTcsw5z8EaFQpXDCDQ8xV5VfC0x1Pr3XnFzwaQTfsDqpulY3xmL8pLDT+G0zFEs1QWoUAn2VCe4ANKt2+naQ==
7,EnQHBbdAr9e9/8SBJM6y/On7ck1hVfwDc1ZPGEkCoF4zSQNTeAIOkK6dFvSYp2AT5cATpqnB3rCRTb1V4twjAdhQvcQcXJJ673Q/RR+e3SY9AXereXHi8XJFgDHjm9QXw//i5Wa0+RYFJ31RiQGi0xwTkm2zydHbSN+bNed36lt5EZnbRDFFJcEhunaIbkwv/5HfvP/XvgF1t0ZUh90z/6xLrnMseM7+4TCGOtqNxe5lJLjkLeGwkhEcCFJu8ish/e/4+S31CyBbll2CZ6KdSTluPt8GKXo8HUGU3CuA+TBrDvlS45pKMfWZNIWxjn34kQTT+uFUVQf6g79DsO+Eyg==
8,bqK7quX859YF3Odje2aGaew2vl/BrOIfT2FNxMlQVnVnMQTQM2hW2Lo28ncPKXPOI0zETBnkIlMpkuO8dt+A+ruxy1zpBeRRDHvVz5rU+qQHp8sfmF+1QbGXgc4GJ3NurkoS9pZJi5S3HwX0zKYut45ecitNVZAjVM7wYZ4+wIdxVzQxxBF0jYO9n8musEk6c2KQwu0i3MNqPsrDK/9uEhzyNgEPlzcT6Yp4BTgcJAmm0GJwVgvK6xu69vj62y0MdvGXyjOsbdXuoDvCh118Qclnm/YEepRxJqErTaR9qfo3rHTmUhipPsChJ67km9mugVJx2GNUmlGHh/GljPUAqQ==
3,sN+nIJPtO/GPRPxrVDCjFnMnBwBEMV1i/UKYTK7/6lOkpMfkU/OLX76+QoK7EQmG97sy4C6HUlYy1J/GU0ahPwTlj1z5ZLjHxA61EvZBFuluLlgE0CJ3hi3n1i+0ckfoFdr4jGil0O43oNt1tlWljw3zn4iH9VAIt9tLuuSEp0cacHYyJAYuWQ3qJfb1W+xUzpQ6Oc0jN14Qv6n344Y5bT4o3kfBvYW8q5REkrzpaOMOcVkB0VfF2LVYci2tbfzvJN137tmjTbtdGxoCs+uOhS1MTowY0gPIy7QX4Rjp52NHkMz28TakV2+MuilFrkCcUN+nuA7jQGwVmA1diSdJIQ==
5,aScJCmC9sk3AO9qWj6QDL9rOR+2cbhQv0q1GJD9oiPcr7zjVrjniUf2uPxPUvZSE1Ne/LQRF9CX8G43/fc3/rOSeK+ckWWCUmIdFpfSyTcddAdbe8ExUmCW05ljFiKcqzyciCAT1ATEuGNVLIwFhbQ9zZAFcrHSRJfw1ePPMQ7Q037YeI6ZOxwvm1cvC3s9c/aYmt2O+FRw7sTQghxD1V/Yqd5O/CXuIL5bxIeIXxlKk4Oof/RcftXJwjs5Z4lrn3etxxG6yc/+vztpmecR4PKPk9QTcaa9bJMyqc/1AsmUo095INC/BTlp895a1IKfQ/WXvYcg9tWvXXd+yGVM/9A==
6,ZpS/H+cEpBM19KZ1vJofOe2J+oix2kDiRoYT4Aa1WltfPS8+rKY3EWtRbLcJzbXyZNqfqWn/7q5JP1UAqHp2XbqDBJmdzFktxtWXZ7YSlbz9mvWHgmUOkOEC0g5fBQgNyg+Of18FUZRSRw8tcdPwGwLpSve1b2mu2o9HJzOMiAskzoQn0dm8pfAQRyhAF+asTn4fXYP1zagK1wM8YNFLCk7gyNkM8rSUJRepVKYgA+IL4SkkO/si6bJdooKoK2cZvGTGwoYbDGYLcKwy5EFK1l3Yyqt4iqkATrj7CCWhxJ04da6zOIzYV6FMGwZY1mvD7mvBXLKeqp6fYML1b8KpGQ==
3,ttD2p9MSaXLKX6jK54wSHNJRAGuyUAbSkofdGDcX8fvPMpRXv/b2vG3ZkjBaZ5/3wf0KvbFP0PKhC8bWIr/GsR9KCR+D4lBPwB25wh4jJLIRvRdZkkz6h+m6fQ1nOPZgWb9DsN6qY65qg5oprWD3Y4UQV+iRKUVbAL+KQ12iMcgKKwMdh6ZUGhkYgUyCjuiBWNGWzqUgr0pOBKefuFiNc727p0wbRzMJUOfrsJsqO7tUfhLCUWX3+0WNt3FVLUO7mrm92v3DHs6R5s3K6ucFcCsEqyG18Y4nl84gOPj1aM25X9ZiGVny6EBNb2belcZ2MLmTrb+wHgFhjj6atdyuxg==
8,jaDhqM66NVPEIkrD4hWLg1dlYucK5BKAbiTMh4ipG6rcJby15IzfACFbdJgtQzNMpdQUGuxm4kYXyBO1n0lDbUfWnMyi36vYjw7rH7k4JaZCCDhigZkF4hn+dz68tvj2vnRzJhQA+7fH7lqethx1H3wamBsLy1rF/A/AHwgxiUHAbD67+yg+FtOl0LwYdCrmUSIuLgVTjXzXUE/tnYkAPWu0PG595A9TNWSB3KRGClIwlV6anoPy2EoAdMlifrlsGKrjX4gUjiaFf8s1NOGBYC5vqwE6fLGCYwVkTUij3C+RorFHJeiH9LTpeszidRxj4Iw5vCG5PknNeH1tSUbBSg==
2,oEf3T8Egz439K+oywYq9zATWgbmOpJxTFIxgxW93OyD4SUvHliB77JQ4FZlPznbmoqxIStjdqjFGGFyXUVcyOEuAujE/GfWMt12iT6OPiCrN5VNDUjtAtSXCSXuyDfwJlqQjrY6wleCPSIb8GeJZ8FRhfVGdAvBo1VluCeTlD5juanERfA8aFCRib1ASTrHaEtJOumEoX3vWKrpWGsQgRkIog+C5DJ+TeciBsknaswUL/ckJ+rJNYJF8OeYNH1hUr/dCzVMqpHgBeTmp4LfYE4ePyHey49msal6SGl78HPlIjg9wKBOOC1ks9OgcWPpYY/RYyRtjLC4YLNFsi+F00g==
7,uGmjTJfaCxnhWAXog4nON2sg9wXAD3qEiKSrzj6K9cD4czvCyuxjfXRuW9+2IPRy4n5NcYhMsD6BNzO9Zpt1SVn/tcKEtvnRDpor4UtvlZJ7qDbk+GSbJuJ7PyIz3vA5vOtMmFWE7spnFYg5pldjPZwR6bCa1VPACk++tjE89lhwB2ikFldopMwkYBD8DgSiqK0YY/ARCoOgD46vDMlmIKEEUmJW7gJnZAsdyHKgR+xxb+DFFHvnyB/b6CfpuEYs3i5OQvPOtF+PYXxosaBX0M1XYNkAYdAtYZyutKh1F9iYl4T4mtpG5aNP0ikzcXqSqOh3259buqUFKn+G5rX6fA==
6,PwzNU9DmApS05JNcTdtAatkfGjaOIzeZSNo//+OAPtlga6uOA4QICQmFGjdEyx1zIb0siH7JMMo1G8Uq1u1d/fsuZkoYEFShFhb9/2YQG/uiP/Ew8S8jIXqXDjcEw1xAlOHbtY5/2g+mZokz1q6Jj/OLmBevyS5z08hg53zssVZMBSXUKAWOEebC6+6M+3+W7vPfIaW+0GWCRinJgVysKraM41y9cvBcDoLpicyPQjlgb9NbKNlZMerZAMunlHSAPIB+y9xs6gqsIke8kfLLYpHraNrMOa1C1DZimCFjYsiZUDM0oFoZRjI2yYmRdsV0I42S/DV6W+0QU5k9kL4kWg==
3,JIP0bj9ALmjXqV9rO9Pi4sDqHT0rJJ5wobCf/XyevNrReHVCXLE5mDSKcnPigSfN+zhUAZ9WtBRh8gX+S51N/gfeXyzRNmVOI4FecZwX1D+4QgD9/wUEfKmYNlWEs2+yFfEq7n26/6Fj+DZVX0T145cnfCCZuvtGSycdYceh80hhwuYZcx4XxVAz2LCiUkvdz9ArVeJE11DXp2+HexnwtrmMXzxn/MIKdAavi/tZ7mQmte+wmaao5QqpYXKfv1iCYl2dteUONBq8QdNEO95uf49xh5ESxJwcUfBcs01nJJlODUcGAnGx2arNJH6oQT5PwFDWsKM3mYeyJH7RES9Tfg==
1,IZw08mradatxn8s7PI3+UPcOyN061FUh76/w/2GvNAyhe9Nzx9YqeVYieoAxDgeq/5LpvoNGrl6BJ0RdYukiKmUstvDhtHwJ67AHKTkflH1olcTc1XHS6RQP6TtF9HyThxZN4E0A7OLGS/zfYBlcQMuAxjTgaANxPeUua/1NcAyKxNXN2s9X3GBfYPxlCTESWFi6n7yWflt88mygORGc0t//Wps9CaB9yILR6PgvPKMO+wyEuLbkc3RB52LO72XDE+vpecsEwdBfXkF4evn3hbpyKBuabMCoVNvlrQn59bmcPYYoH7q7rDekbx6Qx2Ioek1GrZJvOY2XfpvpUA/dVA==
5,vxmGeTPSxblgMCoelckkuU/23oR/50TK/S4HLOrJXdu1cSwifqO+oFe9lju+Sbt+7H2J5kA0y4Nsqbg2nBxj3z+pV64vs0cppCHxUIJAczD0SkeX2k67VR5lMhxaHzKyRS32tC/pEbIoTH2722n0J2dhpYNlyCQpq9PC4xsyjQDRoPieFzkJzXJy1ygjXiJhXTFLrx/xFXiadyxDi12xGVWG02oOIRh1DOz927VoP7V5f9XmqypJayOJXY+40CxUbV0pMcum/Mg4/Gdxcinoq1S9vMul2pxdYwmcW4qTWb3I1wsjA085+bYYjLEgk2E2TTLVUeoNnWb/1Shnzh9Feg==
4,j8KX0yAfcXMvLLFnA4POOYBvTraMAc/HGW/vcsMgQMg9Pc+xNo/uwynZ0PD+ToqGD864DRn7DNxS8LJlgDb+vDaxCK2NaDkDJNZcniMUEae58ePeOVqdsPNaNLNSqesLrhHIDzAQB0WOgboNxbvhAnKuUtvrpVpV5V/U6w/R7sN9N5pFq+sMPBxK4IdTJtLOu6sDx/s2U6Az13pgOpvh0LiQxHoRx3J3HDRY5VOOKKed9Ch0468K1B3q6HgeF27EjdVkAI6rAzRCi4nDqOMdmBQPL0VAInz5SjX4wSRwfJ798d9MxNj/TBl1YUGCDXR/5tWHPH4KQqAoHT7s1r79tA==
2,g7HoR2mS+zPgKpY4o3GeuNc40QoO7sTf19+E7Q9TqQqfjZK3oE1bSEpzK70d4GnjTFIkm9u5ZJI0s6tG3yjblWbN+5tzzEVXr2A/aXEUSNYRwfuPFto0Bn9P3TmNRFgCkq2XsKnx8VewiyQMu1/S7xR0zZ9tQdruwneaaWYhBKru/J5MMpcO7eKsLTt71QIF8pqDUmpw6D6sGP0fmDeHg17z5nZVXWjpfw6k6gUsBAchQCRJiC2R+WE1N/joR/7NI688L1PF9iv+AKh0R4MPI47uLWgUVUTjtnFpattFH5vNGPcTDJPefj2ZzlkpSev0D8dclxfWOjslsdMSYQUkig==
5,YUKardntkhfrJwRfknAOfe5TIgA9itr0zQQmScnBJXjU4jud56n0TL5uLKKigx268NNoOop7jUpmii0s/6HlkuQKrorbrSNobFBiyTB+vs07dMUYU9UDVQLQuxq/HkXwZNZz5J83PShY9oFdG47iP4fGW5dgHm6exVkq1+Ju5ss6autQ7Bem6Pnc4pdRoQjVaQTY8KyNNGgtTu2vxmXsi/I4w17yxoGB7rry71lHmgGMvNDqgrEBHep6xByd1t9YbJ30I6eKdgk9L/707CUiOTH3mmpxOBNm0QYb9sQBKlwaQY3PDLTeNop1KNcYJsAbq5o+u0HL0YITaLv7eCn21w==
3,2oItrc26ptlh3Eiuovl2FVc+PnJpvBiygv+lgdqcgQX4N2GfmGOTqDfCRwx0zhSqjjtmXJV5F/qMSleuOrMSc/5FPmD7MovqRp2acs4Dg9cP3BLbwpotd8ItRzq6P4e+GHscOPBRQs8h5slMd24JQIDPypi5mJItpOyPPeiUcWsz4DQx1GHgZ209zA3SbftJDwZAiU/czwIXf+89SOpqqf5qiSoUEgWoctThr4M9zcEXcdlcq93FgPZqkrZfMgZ+Dds7bjS5Kvyj21tqJxCEfBntAuR91vzeTgR5TKhpag/cR1QtyTbOW6DawDyHY2kRrCtypPCNwrbu/uDy2b77vQ==
4,gqogeN9ojcxk2EQja5M1JGUKNAGdm/c/hPhcHk9Y8qx4lHgnU0fc0P203UjIu0fFWznnK7L/jz621AEQA2Y2O2uOm1WRaJsiRsG+wqNk181u78SOkma6r1CqjEAnZlQunXivztg1aFxYdlZhxeNFl6HzUCHb0pTV2J2yBZ/+b4CN6FrieKGw/9uySupgkaqTZnmUJt+N7R7gJYCR5ZsJaOaiOfScNhKjtKSStaiLSa0K+5uI2g0W+WFnBqoaGLiAzozZwer6Z9f6fh2wQ7bRhDPktAFdITYmeL7DSBGex6m8+aaZrb8HBZkTNNANiocvELqqTD6NI0J+lEAYtqhnvg==
2,itzwtYXxyu6ODpqOwv3qyOxWJe0/2q6ro+1NrtxpyLtUj9Y9m+h9U4U8iJKDE5hsyv63g/ZFi1bWCQK/MbfOyKpJ8VNyxS79fVoelTZjHaQTCMXh+PERFEH/hId2bNd4DbInFC0COA6hzJbslUDtJKw1ikhz936KAvheT6MW0dvg8TIP2Z7T8ncSl7G+7RW/QAVayZY/LDQqV009phsL63CZSG4ORjcuex2W/kWZlSy4iAwc+WneNH2Me0PXA/pJ5i0R9e87F3AEy1OZZYbXT+ckT+jq064fjWklG53/TRQY+lgc0BuEE/F7+tu1MXc8/iU8AnP3Ia/yWR/Vanl2+w==
5,eO9ZWSypnKVfRmfqiUYN7W/3u+nKe/IODlwn0uldguxftVeZlsRBqNuWJrF7XJIXTKergLMR70+OqshBfLuNkVVcRFhaaf6ChfXby3rh6kf3gKxW+6WRXrxWnwkZfeX50u1DRRlJV0+0jj+k13NdpYdwFMGc1CbMrX/4aqAGv2Jyc5VIy9JD2UA8ja9seeT/n64VkV3ifEALM5/qdU11oiQY02uNuWMcB64fk73JKAyEdTSPt4UojKpDCUmb8E4sDEONQYh0S55dSj5T5FsvTaiCQRooZD06mUrR6Fs9wY2qC8Ecg8yEXKiKcaUzkVCCmTKhvjoVcbUQwvwzJPuXrQ==
3,qo5KG7hSeTSBBappucrY+dUrdjAgnQWVSFOzVxNzW5Ya+EdPoOQru++4dSLWfzfXwZkeJ6Yx0i8wCzhvEm/njREWJAdtH8uhDoB8QNjCO5+evBQHywzEpTHvN5w7ajKApJSmcoBGLRbSDl1XR38qUIRQNneVhsIo4KVXjnqS4umiygdo/xITqbATlsqfaHjAyfN1gNdTKBr8EeGktOSQvZxAbHn0btrjtbn0taATG9PtLhp+xe+dVGpHtcl+cFluglMSMmSq+deg7wDgSgbX8pLLiJCC0Iy9GvPu7hvSv7fDnC3K5UuQfcfgUFzFFEnCawM8R5HKsfi8ejhw8Czwjw==
1,N24lkAgdqzvvD7JSO6PLtJFPZ1EwNq+lLHNbLATxHmAF9KXqE6D25Yw4pg7jcw6gWYKV3yqx9eE5WSO4df292wn9rPfxgdZD3bJIQuRJ3e+IqzRYE+By115jaiA+oFPmcTCGLfPZTJKChusZhyg5VjAv6JieBbR5mYr/TqBO+VQKidcu0iMnwgeXM+rWfzz2wmUE2DgspzJMDj81E0hMM16Ucpls6iKQyaUl1YdDsD3lqR2wgsXHh995c2/z3tdCc4ywQ7rj89844x+5OTnOOMv08h4mj4vlmvlVCcQyf2ts1o8+lTCsinwhq089HIRpdvQBuzUXeqJb50pWxq/cgg==
2,Vo5x4hNBQ6DI5vuxsNRMoRRWmmOhBW1Qgz9demdbtQFKm4U2SYU+nnYODdVn9IEGkPY0qFBwTbl/dGQuyTLxH/WgUQEH1dpn+RDb365jUQGNKGu8xZCiqXrS8ADm/VYJT5fTdqdrqkC8C/pdEZPSqInXI6+kQk0aP567I9mB4KN17tOJlueHyEoVJXKyEKMrNW4jINs/YFPE2+R9o6hqBkmFgM3OLv9S125B2R8h4BsejHE2uY17uDCorv/7pGb6WHS0bMx2Ye7I0NT9psSuiIm9wP1etFaaRrnmerqR2AKM5hfx+AsLH6GVgG4niyawCVmkrT5Vyzfr7ysHNEJTDg==
6,MJeLICRBHNU5FDDT1VMcPUJ3h6lyrIXz/n9kSJBAozykbcLFdUpZTforGt2KqQEGsltUkEPZpzAgifoonbd8K6UH9G2x3FHWxNn8Iyv6/e8twTyW7dSymMEM1PxpuOJURY6BfxtDtsadgoIZeyQXTixcM3PLIs9efMG/hudBs4os2P2Rdy6Kryhvcsb2M8PUKXYYJuJnfVzS699EsqjPI/HeHO6HNHmkr5rGr0AZhU0KJLoCUbGyGzPEsTxGtXIStB8of6YP8ZAAxZBeERgHyL0a/RxNwEvlcICXTFQbAD9pQMEYO7fU3Z3jmKshx7oVdSclXKsAEYo5aSrqdAj66A==
5,Y3FM0TbjonaNvyCqFP+qut7kYU3Wspwr75jJDzG2BDlAS7ceVe6hLCEbqwLhZ0fgsHKw0BS5P6xZiXgiHWG0YJWwGTS9F/hD9x5XCRl+OyhpltLztUiSRPvEu4Ww4n0TTNck4kRl5PhQa85wqEFB6ab0RqhnAbH6Ro/2CsUWLYqk24BWKydptJY/RVpo31Pb8jjHkxJC+3JRlfprJfBu1JzlMtLaG59U+wsxj15DgITFmAdNVeE9Jkj5HO3bO+kVdI+Q4Y2YIRmDocK5SCPTRtbdIWE+59dFJx+sZDtZAy713F7ODp0KztlH2KGwNLAjkqNrvlx+I1Qm3uqJE6qZyg==
8,Yvyu9sF5lVCBXhUlQ2Fz4XYKwgZyysViX9R2XD487HbA0urApxPH9udV4HOTNyfNHdHqJjp87Md5jUQ51TxWNp8IJ+w/C/4eSJ1skY6kGBvgwQTFxSSbi14dW1kMeCB5QK8umbROYbhSeplVhdscz8WH6pEZGDYyln0qZytgPqEjcjjIPfC8coY98iFF2twSgFyKTvoW13Z5y1d96kusqB5N0vDHVWfEdkdA4C9iiAOSw21Ujl7+WZIyxJJWwbWVEcLJcPly6zT4ULSgk7T/DRrcnUyLqDQPaXza6I7Angx0DhavQPw7QFi5cGKa2nP/0lAzFUUndBIZlFuPf8Xwug==
1,c62PHjPzDkAfyW3tKjubi97/+ZE9w06FTEFyPNK3PtfyoaO9hP23WD0C+FlH9G1o09843nibpGV2T4JAVrxpCGQ09g3AlCKjQyc/8DC0QOfhruoUc/hI9p1QIdV3mn/wsBvwbJjNFsi4Xpo5MkbHAxBAWPEQFINYMjjuq9M10Fs7CdYvxN5WwiaOXFZeOKUDs6a4nPtG/Y6gOFyA3zGp8/VAeh3nGrQqhuXJw+3GkfgPSjjLolAdvKC94csu+wk2ydD/ClWQMeBNoh8AhpUR128rEmMy38L7rdmUEKVnvqGDWLrGuv/wLQxHoDMQhK4owuw56pO6ztp50rXRgse6Zg==
5,Qs51DtN5h7ox1Vi9HN/N9c5Cfs/teal4bold/0+Agl2Cn+CNDYDvit+giGxSN/3TZfDsDwLRdISiEbt/d74+kvjAJHsiatiSXNEpJKZXgHBrhmPdumro1uD5CctXUJVOrNvCT1rrTuzTS21Aa+IOYoFdlOrtJJ/ZF6EO4yfwwT2BE4gaj9JUDn26BA1+ONLY/DNLqSTCD7DJ0BwFzu97DY07m8z8WZP6EfT2p/JUqUHed1AkR0jnTYDzzibLetjBwb+Vgn1S7A9hgXRqxPX2XOuU5UrAx3x9vA0VkqA2F86LI+m8RXx11WunE47qIOnRiQzBvCXDQIVr62CX5B21oQ==
6,XzWm2UiX9UaHypaacwQ/qwxcMLt5ZjYaP6/fNeKcyvpGEVVkpvyALhIsT8LHPA5cXD8vOh1i0QL7q3op9FZK7uVeAlNEHOdCe1Hb4Ubwo3XJZHg5zlK5pknwR0kK65QlkBaZ3qNlmp4mTMutSj4LOYBRmQWh3iaoTxVY9q416RYl0VI/97apTWJZ1kLBWm06pTwenpnxJLariaDPA8BY1li480gTFwEjHl/9QaeuGn75Yy6MIr2qY91/e7VBEHaO76Du3zlV3sh7k1ZCZJwfo0wYse694FPHNw0F5WGeKrupJqVxCLNckoYbsNNe91D8j54eQjRghay16vj4rjzKTw==
3,uA37NQw4QMNfy/m8dqdIbMELyjMvFIGNP16kXHsjm4HMZCooe1XPtQ0BnYEEEuSbzN99q2Zq4XKNthr7CiQeuOXoSqZOUv4f0vhBOMRNlVfNy/+3VdsAqkktDOsMYFHcR46uUgkRn/TKXQzlcZgrlPfcKE6TP13Qh+aAdRxXM5k5ACoSRpzLQP5y3hic+KvfRPWuRm09H3R/Aca4jajMIUAnvC0fe5FMB6ZC96Rg+riFm0m6dAkF9Q7Mp9SiNm6nvWh2uvOerbX5IvMgMjHMwhqISwVadjTUhiTnDSqWoA4AcbGpVQeoGf47kBRisB6CIrFqkn2z6h9HfNvhyXPFhg==
7,l7DCxKRVHW6ZQT6s64T6Di7MfVTBMPxYlnLb9+DkhA3ipU9U11kBUtFu/rh0kWlP6oR/U4WFzq3NSvfSYr4K8/1BZSWH1H75VXeYXzAErJBJkfjlb957tLr9ioKZyDatMDgpY8B/zI322jR6koEnYGpFl+1TszFND0PZqRxrAzkrcQ0VtyrjtkmbAhrkhFwo8YWouonZ2BN5pKd1qj2r/6bZ9r0+WwpnieZp0iP3Yc8jZtE/8fgXLGfjv03iJoyE0wZSSI2P/2fItzjuQjGS4WlRO4vLlcov7AoTgsdyDmQD8oIhovhETlSRWKDlSnCL1pcoLkXD1mwfXg5ZRT9k6Q==
1,jDr8CurP7QyxdAlQLadPgVmhIgv7XoqBEE7jKe/j3aCDEPbX3cnTeGipvy58L7l8eiLd905ZHXjRPCAUK9BijBH3opQnfZecDuWEs5L638nq2966LaEGwMpye7qaaWuI20AS8NGcIRL35y+HsZefLNkcPmpgc8BvE14N9z4TeFPZEAk0wlq7oxmaIKKmxaDs08TPB48x/L5Y/cR5mNLmLc3Mr3crgFJftXshcwWrC8Z75exv5ICshp8Io4Wn7THBqbAnaan3IXkLbXyPtJykgKA6e0kPnWkCRy6rK3OSsIBVSURmLhJRInr1PmrQ2vwREEJMm0QdkjUhU7yDEQd6fQ==
8,JdATwoC9QErGVhraMp2wOqOEEkBl18R+T1URjEGG58xuY8+ajc9VOCg7qTPG6uslGz1dnoa0+F/oPYb+uL5+iD1eQpE2A69P8qwUOfmKF6Bp3249XcWGIuksHahM1FpzDy+1r/9TZkskPwryFSFlZaZiZlv/4eWAnr4XzvCgodMLK5IxuvMQL8SeUDJtldtgQ4VG9lLigzVbU2tJ7io868Lt+PucebR5zu4EmlhwjYFXuruq1EGXNuLwYGEnWz4Rvt9CYxNRNauGd/43ZXB0WSRauynMJO5CleOXe+V8JGDAVRU5f9uICtTV+z06Yu/Sd+FZh9Zy3Bt4eLBgCEGOWw==
5,qW0ZOemk4m9zFWp3er5HQKXmG8WJb7X8exZJHWkvQUyASLduoqWJL+GAvjEXdHdWH3MHB/Mf+xd22HXDrUimmqwpTSK3qobUFHyrHm4nSDwgl0u1Gnc/mlmYJiy7UsuQ9pJPBeY8IN+QXgqCZAPuKxkfZBm5pO7qK7+NxbjRsZVLAGcgXyCPiHRqZdp51wZ9X/Vq3OJr+AcdhZxcjxPEjNZCGNLHNp/Dbek46bSgSpgOfr/q+zgDWp2nKJl7cOOCj0Qe5C8lGxNjjnInJXYreeap29aoA3oMCvNzQBV6uofp0Aqo5GKsX8OglSUaMtKBkOiB0dBnQGYTsEmwPYKUpw==
7,jmE/h9yaBGHM0EJ0yXQGEQnzRhJsgjARULHFcBZf55w+H3Vqxf3tudIaLyTGVH7NHu4bSOuBn2M+K4LWfN3KCgngNjW+O3Gkzbk0D1LTEx7DuIMLRlCdXPg4phZiTWdLhN2cfKW/8FGaFMxWFP0GTWi+0JsiBPePoEz7NzTl/HQYC/ZxbB5VnOWpvHqEuVatvbXMIH74tegXfzYF2QvOnVsCcr+4N8YXtXdXnR85eEaU4DDZcD5JZJfjzAoBKWfYbJv+GtuNL03YqfjdQeyCbQL2opzmrKdHxuFhS+pTBRApmeXbtLa4D9mwplxhsmZisOKAaY9HSSJujAgkhorUNw==
6,Co1kOLGpNH3VxZPGQ/kwtNKAu+naBWVEyXrmnEd873xy8pd7AZYQSpAxV5W+GeZpEloYMvkPYWiYWxoGM4htCpV2c61npM1QpB6PAtQm/Qu4F89HxaDdUK2NxehNXNY9GnfeQanvNlBUIlNz8rMZFykeDUMyYkDYS6Tj7mKtLYkKESnFVIpsdGzjQXSxzAPRP0pv9YDgIJgBy6d/vESTsvAMpaLhMVU9q6TACY0DQnw74j0neQwjXLRS+Fg6GOvplVhoNWTryuH/cM81LYpJDpJA2Ob67oCwF7KVrMg17Ic2Mmfro81VSGeiN8O5FAgcsBethsM6hSImFACg3v0Shg==
5,uLXoqscgfZg4ntenvvDWKh1A2osXHJxomM8901HINU0gy9fbUjEV9WHb1bccFcxjnyx61TCeK03sXJx4hORQsAod8Z80j4Rh3BTniFue/PV9eSuA3CbPukl0VMv2bfmlITA3v7cSOf+mThhdUnbbsUa4/9cnxxHpQdqz5o3DWFGsnucuXclLLSFBdTlDj+CuZWnTD8NMiFOPkjXHsY5lfHIKThenT6BE1xH5y/4xheimtqDeS/14uwj1hTBspzEHL6GptEurGo6NUvZH2wpyYV+Vs+6Lx/nRJUxzYnJBDs0nQOVhYD3I4C8nbZZ+naBs20l+b1inkd0QJObXHNRsZw==
2,NgmKdWNc3Vhqlm23Rwu3VRCll4EiZm5qzmQO1PYIeuiDTjxBJYv6cQmerda08elMsCcEL3GG6BS24uLHvZpKLGeONBclj1aHgSnJTh+nu2hqCOCfeD2rPeIHiDmQXfKmLiZt5QCPgthcuddhkwzINY4oMrmWQ8HBl08BDfPbQbB4/gpKCSKL15tsUDXn/VVcWhRqu/a/wMsxfrQeaoLxTZfhsDQdLunJ813Grutkc1PSoJ+Pudbgx8p7/kRv1Pv6B7Y4eLvnGEnlpJcp+Jp1IvnU9nstfQPam6uwq9e1un5uRRr50yAvvnaxpqPJo/7i5/KNxq8pcMULRJ9g0Kq9rQ==
4,BCXNg6H6SwvFSCKu0jSv7b5i3fanb11q4Wnt8kLhgliqfUEXZjQ7q54eRsX1DlQ7tGVHFKEHkuKkMeobsEtCt56MPopjYk0HY+GxSNaS98NpEuNvcpEhKLiN29wWCwUaLfl2XEnP/50jS1sEet/zBzDD6zHXN13okVhw1pweJdJTy83nN0R6iXyZnhdxLLxqSuzZWviuIxxRerfQxBOHunsqTqceuUmmtoH3lrv1aHyYoAZ3wdR8iDJUPFnSYTO6+XrrSHqGoZepgCP6Qk+pzqhUWGossq+aVvJLd3Fs2Huz5gzmEI9bnKDMd9FL1hWTEMFv/6T1k71fprr7bhyNQw==
6,lw4piUf79kPnMNxfqwxJC/P3jUNL2ButdYNGO1Pqw3vEbDAWI1fPUwdmM7DyFBPC/zOJbaAa3pG7vjz1jS8DCTeesfzf0JA73GZctEKd4Lm40jG2oZ/rhyq3XZjChp3f/43bIYPXjCy8QVD7Ot1Jb4kv342vVObVYzHXMj9TmnKKLUdb7eB6xVrGdGKJ6d7QgKPQX913+PHrh8xBU5ydM3hicaHxwSQsTUxw05LJNOIwd5qmAQ4hvzG7pRnc986RpG7LoqKXBYO4Hr32SsITSCXovOHNE9U96lZzqvl+rwF72H7615W+EwWNYY8m2+Mhe47etQjxlH7bnMUDasUD+w==
5,PvjqozC4dcVTMSMY76bNPXrLH0ZA/4oEvuUt9tqNB6pLQLhrmusJbQ4HyaRpV+1HsGVVvxVlKXSF8FWuGDA1ZDmR8Q2JRtAE4oOqBcy//GEQVf6sHtFP5t0zTWovWJHPG/ImN5FtJA8LBF4JU0UeCsZ+9R8JUfK4WGOaB0bcw1q2CR17Wft267vF7Goca1jRrWk8+1AzmcZfXLE/KDQlkSAPG+ojSe7aRykngnamPmpY414qwpn81wnuqcmfLtl04W1i4wQRE8AdifBCj8a8v2WcRp7zkm0GYsLEx68rkXPjkUu/RXaeCoefoSc/ZOAfyKBuUx1xoycv1ktnAfAASg==
8,DKheeJrf8ItMLZ4kAlVjEWc6wQhaHqUCAko42GMSPaG+K0ojXLD9Rny9dZE96XrskKue3mdhTit73+qgkaeGgnf51XhuOqJU3hHBuJTglB454dSFwtLxqZLFnpg5eeZB/6B4qUITojyvU+e39ek7RilKDkOvgS2l3rnKqZ6LAXU0jRLQr49yyf17NhRU4vPDySsTTLBuGTUVVO+dDBLhG74ePhbuD/YgbrEdFD+J3lCqA+Z65YfWSqoGGZY4hlf2IBGariBZZWlgZUr3FkrCZzrz+XZFLXUB1fOYdHqp0Wf2bOqP2lxXarBWGFIwS0WBCnnl9tkyn17Uj1voMMv1kg==
6,S8dQLSK3I5DS7AEfLaGQVrjsodNv4vqXYQ6Vxq2pgkj+RP4ECXVS1TFEFPs1hpDqdSeZYcuIRisE/CvreEEQSTQap70Iw2y1jnH/veS8SET+2lCSvaVe7qEfgB4WSVnePomKHESHtFPQoKLYlxJ0vsdIogtaRmRJmlVhEmxINyMVKFoIF3hEKKQ3nFQzPwktP4SsU5v5uwsPn6zov8bI6H4FQt0QCNyFQg6DSz/o13fqhWmbQ58euf9ag9pEMoRXt3fbmCPOg6SOpj9vnDfhLkVqa0L9o/HvQg+e1hnyUj6gFdxeuQlzQc9LHPycj1vrnRsqUeefLKJVhH5HRnIavw==
2,izRWKQhj0/jXs228vZKKt5b8R4paJ2W+27yqBwF6uCN9RQrANcqXiXfLvJNByL6MMxsgEjOnZMsLJBb3barygfwbaD8aho86mgr8irBOPLadGzvsBukOWqiKwqDXJf6FhR747JA5AH/6Wjowv6GtLS2hDhAD2Dg/FQS2inHCuOHILUgzP5V5yvLl4E/vlLtouP49iT23UQz70HWI7jkJV40IbWh/ioQdZ1TLU//R7TyJrznoRC2wQXMPI0m80EugXQHGVG6Gdv9dbm3xNt0zrIXrpZLJNIxtW9sX9i4Qo/k34n8MIDrAr0JoDfBF7C7uyJlFUv1aOLK3+1xxs6lP2w==
4,aEK37ansusViRyOmoCpRFz67vpQxSDC73NNobDk1uAr0yt8MGvwzerjuF4fojgs+JQPc1ie0ElHNcmw0rGL3VM+dxrk94N2DJLIK8+hxdjHMdnojDgC7fn9C+Rj8OJXQG4JHZYvsTMdMHWJSUWFAMxA49rYB6SJzblQ3uegYfff7KbGQxI/Pm4by2I+u9UvOYokctwDXQl6bHzeD8cEeYfW+BT3qQv7n7NOAd1YHZ8m/c28INL4cseUwmXbw1F7X6wYEeJ+mstCo/Ng4gilgn/FRH8SOs375+pUWys2K2zuRkwlvEkUuQuqqf0EHhfPTLxD8AlzB72IP8yndGGdXUQ==
3,UVDVej4CCAO/rCl+zPuv+cflczuCeU5GbCfD6cVurT4C6VnKdK9TdSo8/Q/QM2PIM7z5KOQrGjzQaOlmMFTh9zoqVyegPtBe5FowV+qCbwykWxsVu2H/mpq9Q9r5QmZjbO4DCaP6BfzoGKIs57Bs0EkguDHO5rRai6rmEsPMlagA9Pt6et4hXYgOykmva1qkRUR0zcPg7ytvUXPVzpWsAqpz6+GGb6blo7c8V7RY15JilH+bA6/luFp/TyXjREYH4dPwFO3efpwfWfuWxzcaQBhR9DN839Nho88xMk+59h9jOUFohUGZgc9jP1lSSq+9/epzwOnAUiwbZY8TKYE0vQ==
2,i+X3ch+dagOZjPcSM5x/Bac1ynLD1evblFHM20ozeH/A1rxrVQOW0qIDL+1GdKyEMqoZiuuC6E386gqVbFeHomBguFeG34KHCG70vUusYmVfvjh27VYRY9hG8Jtpx9PTPotyi1sLcSWvEcLsA20oSTBKOOalOpY2QgO4Vq9IHRpfM2fYKS25QxS+I8BYQbzC1ZjhC+6Yb1XgUTde/fKzpQlSMBy9/nA21ktMGBPwlv/XMVVKk0wG3FvP4yRvMxNev4lnKQRtLcT9sGhmLoo2ah+b78iiCgAHCeh4RXEIk/PBcClD1x8alcx3mFgnH6eCeAf+7FUvDSyrTv+/4AhX8Q==
4,IP5eSLBFhtagYVrpUTgHETscF1aP3Ux4GIuCX7fTrz4Ktd7QH5sS8MLhYxZneJ+No+Ho5hFpzUUr0ORdU4xbeBSJq//PQGtkSqG6Gjjiv2DFnQO8s9cWtuuMsZzHS5PDPdC5TE2UWFLq+A/2m7LeDxcjozf913yhuZfKel8y6PtIrc+5i5OVhj/BiZMqCsXLDs5BkMvRbJ9DfNImESnp8stMM3dwruFf4i9PxlOHfzBYSE2g92C+QRfwexSmgk85mq7+jBq5iRdtBJPSw2q7UOBCMeD1X5ECJdnvoKUmoKN2QEvr2VW6w77vuEaeMABexrEAwdEmaZpuAZIRwcNtsg==
7,GwS9xeLVrMhlnwCruMp+qPQuPv4ybgTmRJWdb8N5G3KdbHg4kx4DXgEvcf9rJU5yjbmy54chZTQ+kuSIy1OpYEIcB6tIzxeODJWA3ir+sRRoYjUz5hyhklRxSLawRrLhg6CqWUKgOTnnBG5p8X7hnqBPLVLdKT/5ooJHH2x6jnicqmI/UUfAb/dtGXcgKNtbUb87fnGiDcDnqxqp3zPb1ppbtAiw47vpa3g4sqsTcxlLNvGC14pfJKdgOdNf+7cmEpAYljTz45j6nItGhIsG9OflsppRJQf6AFIqskhAWPtkMEiULp3acuuB7JN/T3BvChET8iIvtjgee1iW6PU//Q==
5,bMnYA9Yn0LglO7FG2yqwXM6g1GuZsmUumKpqWRJb/gcoc2CfVfNbIfCkSyQd5zgARI32gSLul/bQv9VTn7/iJdDkFhN5kQSdQli60r1WnD8/hhD7aY9H09wVRCUYi/Ag4pg+jltzxIHtAGND05BrI8s8h78tsoZGxhWKQx/J5wgrxRIihRrjB16STpoup027pr/NJxLbEiMCfn5L3iFGD81KgNmik9X0g05PISKoX/X3bF2oR880+AcqxfQJLYzIxpkBULPL1XoOuBMGfsZ31Ipg5XvK8urP6ROtmbTVAV++8hoKR+/8DGJNGAWkB+N8OH/PAQm9WN4pIG6FevFucg==
1,SQoFjq8RplJQyzSGtuSxwGIOxZ7mNDL63/pwozegPgFwXMtI/15CdXmOpWjbAuZkoJ8O+GwA5ykOGgcNZpgiObkBpIVBIjGwxJK/rCWkfkpr6Z3Vn5foQ+w+bnPToLWy/WR14RSBVj7kKEH8AKpBn7vvhHSSodir64aS6Xr3wctoXNod+w7MDbBBlmEdXh4/ORaAnyw4QCn6+arYMvVlyMzouXqV5Z8LebhxgLrsnn8B15x3QkOUhfIThTzciqG7+Jg4VoU4Jt2v7YnSTSbuTxeiOPJeb06YRU08Qp94MHPtGdMaoqmI/fJYuCxUk/PB3nKqAxfX39hFzdjqZLOH4g==
4,Sr0imUbbT8rIaXZKXrHiUl5OWP7Q/6mvi61GNAtXpb/v1a/hu3O3AQ2VkFkFyuufOTpzONeKJQrLMGbdOzXwpdhzySx6lED/+FXHXHK5R7jAJR40jYzEAjUc50P+WSRgKYKtp9NMtmL7N7OVoNFsE36Th/thXSKtJh72sQQAJ1YEQW7FcLPPVg3sssbis48ew14TXzypdBntmPvVH5Mdlo7P4yyq8AFVzbAQLsxACzozOV5/7cYNZsE0rkwskBn9rrmMkql4nRD25EanOir7iLAJsZQE4l5RJib1qNXi1qKYd4eUwwhvhqxONFSxDBVU0xzMEW1hhNmrcq/k+4U3Ng==
6,c3QAOdVHlxQ2WoRiw4rBB0lfyQuOl9H9LNJsMTgEUpfWmUFaqCkdkvB4Ikxjhr7ddpLyDbFyQKk4iXjVfbwubGNFG8AAc1cRRkmMAMWyV9fyyaYtAL7os5hL5HiAvWrxnCes+3YbaOOMHgkkPuP16RiARu12EfcRDtjdx4wg2aKSpERaMVw1YByBX5X7jFRkSJq5A9vepUKO+Jh5R+a/xTtqVPCemz1UK/JdgpTd7ePLjoqvaTtjgTK7bUa0eTUQJzGpx+vbkdgy7Yl0LfqkQN2JVMfxhQF1AMdSnabMP2SBbOMGo79JrbHj1Aywl3nYlLlCQ3frEWZiStvQhlqrrQ==
2,hT3Dar+Ciy3I0Yp+JxWEuAfMvDuR7rzxlxyWncGiNzTDvgbYWR6H9wv/+Xxddc4OEoX394db04XQzQSJlirudCUfZ8CXNlijqIza8WCNI8ZprBXPIldDUGJZlR0P4Bn8QwTSHIyqPB7+KMlfs5WPheQSAMQ2QVMRByB8e+nURJxMbftKjxTt7HWMF4CwHa+b2enfCKiJa5GTMdcB4ZxOf+pw/UwUC4X5915MToU1UeBhB9QvpZWJTAqB5SmHuaSaMRKjWL0WNkqtBJmgSGR33kyh8bLvW/CgtYN3CAmmv+cqJmTplzZ0wZc1lM4PMTPtZjqKu2nvCdTonxspEpuaXQ==
7,a2STYY87sF1hMviyQv4/vF7WfbOt6NEXPIc96Aj2SIKf/ZH0rE8gCpGs5qZ8YcTx7EjQKU7GmHh5BRSDisP38gGiQydAYkb9XWt9rXHpaaZMSQFMRq1xdFM7nhA0/eEvxDGVP6as7E5Vnsqnbc7nNzvyCsn67TrCN5H1OD5osbNIpAj4E/x02EFFrxTs0JQ7Q2Oua5eh09HKE+B7lZ4iVRKfAWJs6ShapU6actlHBWF/RUoUicXhdlFNtR+aiueDabVxdc918WomapXzul7sPKaYUG273vBSwKcCO3EFnoeSiADEZfQY6WWOK6ZKN4yFTjpvyFxIVDtzlZGnlqUy8Q==
4,OWkIcIB8/G7yDZ/xp8sZ2pTK16NI7q2Q0PVGkiFFqvt5MDelHmBkxKIRcE25Ph/fBBDt2E6ThK7E5mtMUO+CIhITdro4Gjefb52gnX/mAcbC+rjvm99BqxVo3aWGs/Vcxd+2AWUZufe5fOuHkwbD84RCuBs4Ds/L/bQpmJ9dhxrBXxtjS2RCGUK+uhLNTPXgbXcgefUHvtzoiYwI1jWSDRYw2HPTr9l0IwRCzVzQSZcQiZtNFGkfsIbjuU42pizok+buQmWrQcCNOhqC+2pVpO9OgGc2sjMVVqlNXGZ6V8rX7jsd/BWz3lAAieXDhpq72AR06Y1BK2VTakZLXYAq5Q==
3,uOz3Oj/vXL07iL/7q2K01ol6Z0nomJfA6ubOPKjBPvDwJBdWA7zsr5A5/UoV6CLCBdcnB0CQs/I9Luubihf9LqBvQ8oMsqyBJyoUyT5bszLeMDDr8qZOFfZ2tw0On/HhJnTyOwlyRA9xh4wh8G2yVikZjAIWRJ03ZedPfAssmkHiOrLTLhAUR5GVFyck/Cnw7qap/ioGaG/qJHcRsJsLj3oSgPxvOC/TAyqgqN17hWsC4UcNUFV1MoHLyZIJo5pAWMKBAyCkhlSF29DwGl/xp8NrpJawkdTUri43QbDXNmrR+PtOhum2N9Nr4r/bZcZQ/KIGGRuwxq4Ma+Lb3NPyig==
2,Vw/Uu0CfeBsDS3yGkrOqegDVt9iMQTKyceSptSmJzEjjh6DxgUcLorE/Oca86AEedTARxhphyxa6YHCT/j037y1N/NBnQCz/9vdShpSEojafbC6hA8V0vpgZwpUuh9igUTnQb/WxBQAOoJqP34KUJyuH+PomU1YDmTuuIvfxymQUWQRpKOMOSymH8sF1w3v9rXEe0IJwHevbreiK9h2JGYjtOtMO4HtNUKsL8wMDIf0jQp4TZOEEusjeS3ATzcwyTdRyr/AQL9Iq97xDY/WBBKhBFUgeVmjy0e5qRSwdTp77AMG8EQ9Gh9I7oPJNhVorGNKNQE5VDCadG2bRv0cbCQ==
4,bai2tLBbFbo8UfY0gaGxTr1EzwSZWHzoaEFPY4DNKy+nDQR+Sx4bxs4deS5x+vmf5unk6BFDswftuxuqcrVDHBZ3vu+G8xmVmdGs3T10tLeKnMmLRmRAIhPBLVa+hjiRdV4iK4z2xKqWHN9g0stXNsZMBfc9/zmhOz1Aapq951gsyfrKUqvYdbkGA7xwt6ryxmZjJ0BKAuh2lDLUN3EywESRp3XSl4PCQRk1YYaW6yuMCBCLSApcR1SSflrD4V1iqBHTPbLmzGfpo4KwGT7d0e+Ecks0wwZomKtkPki74tUDg8ysSPaD+3sb4t/N/TMsJKcqb4DyxzUQWf9hDeDoGg==
7,NwPiqd+C2CqkJjhDA6c0MxKbgB6iJU/Js+6AhsIMj5Z2JoE8CSsO2Xt60ahw45ZZ1mLj22OXJLj9FlsdO8JrczsHsP5xx3+fV86Qkz4GCIZvroG/8hPwItiQxHPsI5YtuCUYXXuUL8J4o7hsl74K6wflhBx42KwmvAghqCOtNvNH96zL0OMzIxMfBuh0RmDirECdTtu2uGxvjkJbfsd5iV1YZtMMGKefuGBP4yC3/U/79Ncy4L+V377IKMS0pvEtESPDw998KvZz5P/HyPU7a460fnHM93VHlJX9ZXtL7JxmGO473ys8Isw2GnXLrPDTnDTDCuOl5AqPTSvmb+G1hw==
5,GzT8RkLpuwtuRja0tfEJU8XQgLxa9qTxFa0E7KyVykuarCZnWazN/L3/fAgbflzcDCCYdHfUF+m91GtY+f2pkWnZx4PH3TOm8OpEfa33DDNpCTKStuPt5Lx9EKxO/12Gd62wjaT3dps2vwppwIa1ohORVDFiIjAaQSwidgeMo4e1r+KPk/dx6L208xqcLI7XhjcTiYVlb57vqeg38KKh8KY8oswQQb1tCMZ7C3rcScRsB1Bukp0cYnL4qbGzHvxYvhPr5PgRLlBEHlAQGPDSzDSAP5GAvZqS2EVAHkfgZkO5Z8EQZPVnEdcuxh20kDGW3VAkNS9Qd8dqY5B4qaCPNA==
6,E1ysMYLswawye/zglhiky2BWclySY1e7x5M6tDwtp8s9MTNSwEmmuI42qf5NIgJ5G+RMZGUk/xINcgTVoshJlqUQHHW0v7GkpKatzt8U8Q62PbDp6tudTUPIHCRyhANqgi/2lo8PNgPpgyhLqD2hV5Ns6s0cTyrs2yxGioKt43NDuvXCRlOGpIH3x8W/pLEDpsu+QUtsuunGsZpVMqrc8Mn2553KcOdHx6O+koB2d4dhImDu3Y6D5XOMHRldXUswDz6dnVFJq3ufV0gEPv1uUh21jO+XLPe08OdXrIP/Ekj/0HQbKZQCDeUP+rPM7SgLpFQMyMwyIvHTMXdgJGBmXg==
2,c9i+qG8wS4jeTqdIxsohZmc0LZQViP6jfzvuYHlS3JwE+UUL8EGlhXbERIFLjoEfc0KeWajGJ7n/i3R+sixkqnV1iUgi6XlTR3fcaiEj9Nvi54NcC9GdJKWy3idpYcPbkXNHMTWRiu7R6rMdp2GC4v8hJBb00EyO9vwjsWZvMt+BA/JtTgk+ZpAjD5wNm/V9LI+AVxjZLWMrETYVtyLDTkLJTKCZCeBl8ATpQnIqI3OZUxAKLUPIUeTN7wlYno6FmyXQBEzNMg58k47PzKOTwThDhB/uAqeGZXwfOO1hnLWtQlJ2az4pc1MaRA+bSbEBGobc/b2pyP9Iff478y656w==
3,jjHMXowPWJuze7I2SK/pxHpmpZokkscUKbUptwOrE7HjJHKxhFkfhP4pqDI+xu5vdAbmTLTSIYUnRvhUBSo+8flf27pjFLZVju6RM1qZ8SIQ+M1ai2dYwZXY4k0dZYsTrapYC8bRsj2zpWn2Z1ZBKOl763IO7i8LRZ/pHRhMQy8HrRf1zLulriGfNmWTlEtxrdoxHQb+9cPmxWIuRmDGpnUc83ND9x24ZmvktQhYMSUm30UUlUqoqHoRIKaZ+YnBZ4vJOuIeVUcKnjAEMkgvxvwUX+5yKa2cV6dDLFihcGG+olHMmqxSvOvElpphvCRrn+qWDdtzjfED+PUwCxgwxw==
1,Mxdr65EE8Xn+UGw15VnBmDnPAcpCyYQCMxQ4o5JDnmCs7y4oLUE2x43U0wAoX6CkixTI8mj2pO6IUIWUOh4ILMnae5wBufsFSz0j7HrzUXOVsTlemX0M3CuCZ5elk47hwhr5gnJNizS3QRSHT3am5lRgYxJJHu+cKSO2C4b8jYplbRKQnkEjFGWbuxurbA/zF+jZx0igeljKxMdaKoZYDa65zJa51Ie3hzpSgLADat1Fans2VN7aZlBjh9eVqbtLAeSoxwQ3qy+FQlkO+T/plgffbI27iS4xKAaoYI2//l+A96sA/F1h9J5L+jXIMhvpV57OJC0pwx/byXfO6/JCOg==
2,AcP2khH819O9PNV7ipTbIHcwC9Tz3ptLfDXgEPeBYe7sTN2rbdl7rrui01T4MF9Hpr6BA26TGkhNtwtzjzLzoSJWY+POmgLKkEbudaWoWVaNHA8xTMvqQMQWfSNzspBI3+djdFmTkB9aWTdkdhCeVMhs9fOY20cK78J76379i/H8bTcayEI2bpbGX4fi0EB4Oni9HAB9Q83IPb3ALWHW9coFztT+VmKAtNhp/ffTOlZGyK28ebXZkU0xhG2i7pzaNxRt50saQXIO2dmTmLZfqKbK5kMjnf0urgEkiwmoBY2PdANYT5h/P4ZW8MWg/1hYytsW5izcmpMFrZ+pVkpYBw==
3,rkTK+czfxV35hF8AaGFJdXGJBvUhpK0Fz++iauYfourV/I9w3Pn5KPyujrf+lEcNEhrKhWgrcnpg9nrhW4Ee+1W/a9W1ILagkbcR5bHF6NCM8EatOv4Ap9ZicP4V46DerB2HMJvVMRcs84CZCAZ/YCe3G4MbN/YI+tk8btrbKFE34Cn2/fBWnuqTAa+HVcFMrH1MHZ0r5+lQaXJ+cHHrh18o9b0T1Y/T8gGgnshU7eiFnGkRCWgOAgxltuUZiI8IfUfRTJ8O4dwW75qomwZCECG7UQHEyQTOecioMLtj+wBXI4wV/SwwMReSdqZtGYWfnEFMInvQLD07KABfh/9XtQ==
7,PPifgaRxC+Ysniv+QMF+B4LKgb+cIC7upylY5TBN+L631x7zPKM8YPu1eHvcxDlY8ANrnZLByUIGTUJV/5zQYPucz272EMclDsN2HRaXAmNQMs6SydFsA54FSL1rwgskIG5/mtdsIcztHwm+KC38IBm61zcUvohTZWyeIA6ghU7prMwxWGkAWEQ3rqrpkvU7lp03HblXRn52EoOm9PsVLUZRLSuk2y8TQszulLWraDf28ruLvfUgfAM1TUJogLZBLaNKJARSP8hNjAo8vFAHtKc1PSJsKCmVGMM+Zrz/jYFlMD+iUyAGpdo3dG9yP9jhPGc8Rr2Bd6P2aCZw0re39A==
6,ve8Km7OufdmEAWKxBFHRWMmMubK9SCcIvTkFqHC+neuoUnDs948BY1KcxiIOs5syDYH/wU8Fo0q0qeZgND7NH506xw0Wx8+RGT0WT0NGUxF3t4uee1PPPFt9t3YD4urmg9JlPfHcuzVbCM+63xep9k2suA4c2qdIe1pD3U9nJ7jyPO32gv8ekYVudHsAO98PDi1qJXiKqHPi9BauZuDPuQZMduFBJWbYnptgQzBaajVXyO9gWmg01aLZcbRmeFFpV+7fH2Veo9Ro0wmWdVekX7nULDfHi4MFvih2Ece864zE+EBQ60b7psc0Ww7FTuRTlQc34ay2d1z+jXgf6pqUJA==
1,jd46iBxSG4u2/nK/+MoQSMBAlC3NdFiBm3Q9QoGWxaPmnnB2RdSCSqj332fOXankXm7YceeDwNR0tyYSFxue5VdgQdIAj+r87CVA6XoF+Ra158GtjNPIbRRe1Vo1R/8vJJ7X/hxs4Qvl6pG+pHn/0xeZAzrVzdFz/XoTQEcQ+sfdOHChL6LFBBLers19gmB9xfd7lur519eQydwIJjqSngY3mMXj8F5DDgC0FsXY+GyeHxfZoefhnl8MmSYxI7OKvG4xu+qDtfmOrpRTdEm13MZ7q7H9Z+BXiiMRLFG89d0hYlqsYRTpyqj/dV2EZV5AJ3lDv8rhVBNx5jadOIG9Bg==
7,GnsY/Y3OVUAUpEVXvJ3lmlYv9YdCBdom7JRdsdYTfNvvpdv5atwGtQvDyjOerFwaYccUyzTMDsQZTecRJCtayWZQB9HUOCaxvCAxYsCCClgiXxEl7B0UqYHUQPsJqeBUHR9ENcH6qV9LVf4ZuwPe4pZXAvIywACN0XyWnCN2031fUkgJl8xxE/fpskgj6eu6Ri8O2iapyA1KkkIR/YNjfs2lo72y/L/bEZK1MGZxB3g8KQQAmrhhV9x5dm9B8otQhM+DFeAgoDrZpD4U5ZrAiIV/0CwXNuaDpyRp2+yAyzGAFH6JGRZeaweVYqPMFvang6yv9ycjLa/iyL62gIEreQ==
3,k/csc0Hx8a64rsUtxj2VqQMlNEzl+2qCzQ5C/KwdEjVKYR52UlohsS4sldDtClX9xkOul+W7dJ6vj3LD03tbcg0Awp36H49K3XtWw+Pxk9fZTB8Q+T7fdXh5pQMLC/hizkyjoytOusJNP2cNSTXHg2OhC4vrTfzt9ZMTZDWLmnVpe5wT8PmqA9/CGhyk4Hu4oGwJjT4EDz/pCPrwImYbQvD6EiDfIokKqi5RSGKbAnfnvW0cG1Aai6D+QvvUZyKTophKAsn+Y2ye1UzytCUefKZiM2CbuS0DrBxYL3IgdJ4je2rWkJDZmyto4dsG/O+MZkrweFCg+jOIUe9IqBy8Sg==
6,O06uFSmGAslHTW3ZnuppfIvygoxZxXoM/C0LtQPMbn/KqY9AUAtKRyHLBYk5Ld2gzkQZd1GJTM9pRZ4/xPkOjo+3ZkJIaORvPYMSxKLMjpkGNjbDU8hKoCf2ueC5anL3z6mOOhQ4q24ZRjcgTfbz0OK9IWNZ0PnfBow5eAS83ZcFlRac2ITVzQkrCrfwDZ/63Km3KoCWH1RV64bZMI9uEWigBenPL6rVhAaPmnDBKlhG8Zo7mEMqscpZI0T2Pfx7HNiTeXONxeNAJ+uI80LzPom7xn0tlJ5lz44ylKEC2LGhooGZKt3JuOXYOXTB6G5564YCR+9GAARRMlqXpImm9w==
8,V/YCLad7shhmpR4kp3aX87pFQ1x4MnzP8U+owAjvDCXEWd7NFfEEr7MiZG2/df9egSeQGFER54lpaxeg9tGUbmbzBGL6yL88EFW7wxQeVEA2IpcO8IHEqfJP2UpOe1OU41XRiCTeCMKyXjlIJi4+nDiSgd1Sfb5H2M5lLjbdpbBYYiqGs+MB4nNIJd+lfEA/ojLMbrkb2F95OZnwuoqfz78ED+T0xKv0Kn9Fxkit4MDuqaa68Z8ZZky9knwiEVOWcO3TWMbW2vjn62qkyscz0MTQ+2poLtLcOCwJlo9MR0kG4Gejkt5iYADUPpIh2392rDRfWNz0MmZ+kwaeL6TL4w==
7,xOX/DrKnEc+GHHmqacsYWrSEWmi9BnCeR67ZphSDWqNcRXOQtW56grYe08gvDXS2QZvqwIFnZJo6AW/Q8PX5RcRURh0DhZjpg5eA1Qld/c3v15k73GT25cLBQs3lIhLE29aG0/tV3scMeNbYWnyclEry024NXvYGu1CmnyOxpV5kdIBdQthuTfFs6B11za/wc5MC9YDVa/ITZdq3p215ekLsyvI3gGwbpYgN5e9uWejGCo0hX0Zx1v10ANkX5JnUExDLJM8wGkEIOmMXkXqKK9RIuwSvLyMHfufZL8oJir2r5/TFjBVEiyu3vJc7QfJIV3q6dGcYWD9P+SFXO2SYZw==
1,JkjYkyb+rzgpHzm+MWnTtICwPJwiYyI4+O4pQM5ic9jw7ZJHLeIdYCsxfCuC1xRvsFeAeMaj+4mup84MfRyxWd8DYtf0BpoVsZJ1mRKddk4Z+dDxgoC9DiCLjpkulUO5PoVcM8s9G3ycykckYMJrG0sZMe+Q2cgYsxvWSMjHqfJFJWSFwrcBuKgnVz9VmdbnG16/kkuHqF/nipvJaIiuDc6tseuw8Tl1TV5vSpxzjWnR/vKjeSGkTwRAxIaM3TB+IDd2BGQlQjfmPCh+RjI6FeRJ3oToMD/poxrcTt737fa4Oc8sVzBWkJ/GfEdj8IleAWvXvr61f4V9XK8cPBH7Ng==
3,x1cVj1vniE/Bd0o4hTNvKA4TIIy/Gg4qb8G2Cy+0P9EeDvO0dcVPLOQkdKCm5eKLri0Uf/+wfL4hRPx4UKANr2vZ8ag2JJW3oKZUT4A2vJ7TIbxPKcSf3E5hiT7n46B+xMcHONJQ441OxYB0X823YE/YIvJ3cYmLVIvwuZJPPqBFR1y5qS4tEzJNYR3YIMrKgaWNFyhh01CF8rcBPztrzLAsBS6ANDrShYROmOwDvEAcdPKRfu72GaoZYkbs5kZmQuVujBDvr5380D/QtS9kCwj/nULOEEm7KpUCb9Cki6FLBJCHJsoYkGe36ncYWIwSgYVMQRp5VY2RhhCO76clww==
5,LtpiWT0XDOQO4PNLDVfSvmoYTh3RKSlbN6YnaENpK6QQmkRsH6UusdoFTpwSlAVF/HpRtz7jrKJcUAZ5lhxcyioTSQAiTBJrB6BEbxdxMlIERTmC8yupih6A+2OORa2B2puHPSt8XGoiIeDbHt8AhDpFIesw1hWH6JCEoLzbEQpvAgEQALCzxAqRa0mZkBZX2448hJcrPX1hg/gS0sbUXGmkmqiMITsfF1/23ZLmlyva7RlkC8br7b0/B7PjpS3NxNldprhGjjIQFE+e6+bFm4dIZxaOhUaGdtjvE5S21QxahyzgMtKfrNaMzz9iM3pn5WuOR5XNClVmh+4AT+ysVw==
6,SrJvFzhvKVXuaDuoE/K1En74TkQ+lJ4S3LzMtP2hw8pFf/TnZUkPo/yLAU8XC/YezZM+JN2uvv+1F6LnK+cY7n/1mQ0q4kWVkhpX/ghB4yim3sPmB2+GUHJvcyf9m2NChuRLvXtUHajRIebzAx9aQetFo66KXQ2M2PR5kALoGQxaK6Ow4dwMPM1XFOnGrqLq0SDPJ7Bk/yCVGIKbVHsc0mQcSnE5BHzC7/96rBF+CWagBcnuXnmVStPojBPo7fIXJysIeB0XxvjLCCOXPcucD7F2qIaWjjJpZfVkUl1HcyFZ3CpGuXoGJZnizyVGprc2uM4MdaOupEcwBkRG1AoXgg==
8,v+B0mOtPkWkAbmieZQ0jaobJifXBbvrJoKUyj/PGtbIR5UQMxlerSCOzLGbOouXx8Hhc7PSR89pdr5NSbtbGExFZelbG3GouxA/evlYMtecQW2xCgKJt4Aff7g9c+KRiDfwHpWRUKYC2wmOvQ40mT6s6yZdHRir1nNnGREPagDyOkxI1BHe4XOD60C04RXibORcq/ZC+gh3yQgKL5xMYVx1kVCE3k1oOt68g7FP8QM27dbxAO5i8bKhTURnIl46TASuAtPXpKJmLJZww45jrpyQcRGyOffK5XevRiocYuh+yjdeOSAJtS053+aydthrJT1DznZArxapAsqnZa09tfA==
1,EiAQXWRItyDr8DIFy21ZLG73cZfHL5RKSifgduTFE1DX+0RoeUgHufHnDQoYezxApxqlrHDTHt5c2ySXg7DWcCBmRfWo6BBtpDBhjTklKMOtIku7XjBiVvRQeAgE8BNFaGUt88Z6Md9ytjqQme0XlJ4uz9bghVXEyYF6HfcmmO+8GkPCGV+ma6gTLU71RfMyeSShK3iC2ako9029mYblB39SwCRwB8H7RrxCB6bgyMFN723yOtpv2D43f2EaUSJzgHgZEPqsWilRC6R4Vi4s+26Jxj1q+W9y0T64KEqJAqdGVntPQEKCJvG4ek1RpCHtkXTGezXx598gPKXJ8deHlg==
4,Kn4es4vqXAN03FI6M1bsvFewyALSk4SVSre4MLb4by3PYNKI9cHzulUg632Kj8SP7EE5TKRBKAiI1MTMfJ0sO+BKnwQtSd/4HBhfmmBe3bnKa49imcJ9SW6anPCUqjbdy1z2UQ08TUhCgc6DMIEu7dgStyUMwtq0Ihpl0ukLgMRTAE0BC0WhxqODMIN/170Q2n4elOczNFdvfzLLf2LPagVDMUlu8EJzK7nJ+dMYJDFHdaSuqdupnTPqWx0N33TAn508EAfpTxw6K6HTwICQ1sKdmPFZaZf8TLnRXeVkCxdc7gV4FXiDELjwvrk+c5NOXMVd3n7wcarWUhIPwM/gQg==
8,whWQpdtBXMJsWUWZuS7W7NCm+qEgKVuSZ30BsJm7OmztHK5WzFYuUanavMMOyABn2J0eiQOfTq2UXlc97djuSEHLPTLHwUIePObOwaQK4h8oMv0jVvM4xLZIvMjF6Nuu8wOtIH1e46nc/akFoCpdIIDT7QWuB+8b6IYnxgFVugYsCMnuw9s7bjy4xLLGURuttaG/dA9MLz7VZdeXB6xoyXssJu9x9sAX+UhRIQrU9nmcwNJKiqy9dlRqnMrMRyMgwj8vvUn81B27iHvWcLr0+XTeREZC1PhJBvRR/vgbNOThbZfuQUuk/VytVvjBYq2rbRBC2CeHia4bR1voEqz+Cg==
6,e+D5dE3niB+bcXjBsoslrwUZFLGfL87zlgO3GjuvK7xwlc0e5KiqEoyFECsQbBqfx2IcPDKVghjOyGZxVbHa0NkaVY5gN5ZGBV7HKaeMwK5mhoVCtbQp4dq8h9zHQhOLUsUZS6HEWeRuGR6+xMZzCgZxbR2s75Yf3T2nqWSCPkrB09RwyTWX1lT2R7y9miTsqPvAR3AtuQp5bERMC05EaIUGjQQ9QD4lBMnJXRkJyO8O+Q/wzbwwVJL8Nws+3IMkxA0+J5NYTwYwGMG5Geiv0dlfZYS05HDI932evzRFqQIpu3yLnsEvN3gebb9rQzRCWSpRBMQz2jAEZwXscWknIA==
4,FuddPJ3El3oX/kj+jQ/EVcbSbB04Uy8eHzGb9viZ0v6sgpoOWXLtPE+imApRuMeEqTQKvyySRN9oT8ap66ZEQjcxzqazjno+Ehpv9MG2LUXRl93/10/Sj3trmE1E95xL50exLnRUckdOhm74+Yn6DKOhLnXi9tc5VmpUXZ0IT3UXsftvsqtE30JE4dvy03vV2JF6nAWgBkNMg/orjrsRuz02r9U/XMxsmrcG6ZwSts0i5E3jZIFctV+Cv2Et3VCsphIik7XowS+rA5G3h03GKfdkS24beybTiKFV5Q978v8kfoqTe+7x2z8S8glijU45CO4gDQpMRzdnEA3ovNoR2g==
1,zrdRilM3X8aS4biu1sTYeMyb+QYIAGCKZ2+1thFsHdHPjbhClFrD0Hbgpenvjh/REHE0IMefKBqGrTBj4eUtcTzLe3rBsBAXaoxkPCOh2I9zhQAgQ6buDALl/g7R5fTgbM74vDHzLTcX7ktRrC1vc5w25oWm6V4jDIPStdLGtnuAGvYh44Fn6uXGk7TM3JXaTbWQzO2t12juIAVxbOutVbRIzhLCFm+meQlojUR9y/lZd/4rOmjiEJiS+jbCVcKv350caDpN8WYNSj2PbWsIGYDfbv908tC7XWF9z7IA7BnJ5dbjPL7go/eHl9WIiswvaVk0l/ZxrqlnfWDfZIAEoQ==
7,YgsMq5X4pVAy8ELr7zDx+P8QDggRWo6G0+NQgd/NTgP9ofsedBJqnNFONiH9w5jFjZiW2m4Eevjh5jv09dBblIUGcxF2G4BxOuXCUUwyiY6+lcT3CH+XEmjZXkg7KRK8PEtPhtJiYJRL12DFUMjtXV+CkTNh2PPkCSpoWwBwALMKDN1ZpYQJanaJMi8yAVOdy6GVBGk0g1/iGF821hqoS7UCvtCkyk8dtaSywtylmQaP7wky1QFbvGqJEGUIBOPWraeM37M7OiCq4Y21PZACV4fsQ8/w/JNxFYfMh1aqaVkRjphJHrvuKHZg5rbvYrM+J8ZxCnLohYy3xO/xk+h9rw==
6,iXmEERbWNBW25Sxp3U+5y5grRu4Vy393Ujvw+Y093TAI7DVFGie/MP37Gm6QE6uxYQxZ2iTM9L0AXCUXhTXNyd825U7XRoUTeI+ckHboDTHBMMctugWPMyEEcs34/3Hy8npUd2gHCUJCcwYzX21COV+ds0YbyW5JQWR10vpE014ub+DKIW+dn949/LcM++RhkyBEFBc0UaQopQ7JWl2Glt9w/KxpB/10eD2QyMjYl8Wo5Lj9ZshTyJR0betK/Ns4rUaPuY7LMXQ871gu5dbEHW+QmNneW/yFatQZ3sA8GMSejG7+S4uQAo58V0Ocn2m5vM5+E0JOO+BxtmhdqAhOxg==
8,oDmvSvHg1joZg2tL+jqZDyEHlCpxYRameYeCTrw5+yjumfhU3X7MXUht1bKgEq6sTJDqBXDDwBD8yJ2VAdY7UvJZFVW/q+wAFyt52hz+RI6N4DV5UQHwdlPcUx9DV6oO0/KK3WAaZy2gZTZCGKfWmDlcMIPsLI/vcbNNFnwcUKU47rplLDnPO7LnoXa841CqHPBGwnWFJkio9VID7fesTwRtuDIa3KfSltkCkfzNK0lA35TcMjX1GM/kP0Xf6a4Afs/80HjoRy0gZlKbXrk0D9F5BcHjFmMTV1bMn3a0E8UFK6jzGFeKf3Tixs7RKK6UNen48DZIiXy56SZMn5NiRQ==
1,gzFcmE4wETzuciAjDvqGjDwMyGL3w/Ai0YnkHYwQ8bSgjNCdbyHRjSsIegTXYcBZ1V0p875vczUQAw60nWQ1v9bQj2ZLwJD9PGwXaG7F9fGWFhbJPakOZS9nbQ9BAcpGA6mnYGuJUkqJqjXiieAdNm9WbhwFJ/4phzBjerm+ELAnqAdi8lQA1+evKIQYwWvfaPcxArlgNVI+07NGAW9JQS9/rrlRtm32qOP0xpRx1O8ayP55ujunegM9Fc19k+Ve1FEPdd7AuSCfTKaX+tjNh/6sxmPCqngetj0D2Qc3zjFVvHgcuMee8oNzpert/5TGrEhq8mBLZ72a9j4Hx+3e1A==
4,m2Ho5BnCFg8dQkou5kiywQCM6Im4IeG2mZx5ImdjkcDvDaqh6gs1mxuG8gAXCFahAwiMqWKkiXRzXwUS3KpE+NcE6fTGo6DHlOkBc80y/soKgyGIXYq7KE3eG67jCQxdfPlPxjte2Xmd5+h2dZijf0E/hJ197siK+4exMduZocfzOZ2GM3wziGbhkHx4fseeUUFcRbjmr8WbGUKFRdtCnOnCIzCuPPCbUoOWWGs+9AFt53YkXxBeDDYPl6PG2tKvbuB92JC4K6yytHZG2yig0fI8u68/x/GWDbljwwGG28bMB/HibWqCIvelr4U3rvXmEX4z6vA+8Eo9SVf5rEppEA==
5,U6s3TRSf8SNhCnKhlpzlNM5Y6bmDW0H7WfHFyFVMe4YpvqGem/V+CsTnRCJ4aLyNUPNvS4Hh2+alS6b2ezCmSTx5+pYxJqUDy74polYzwb1aPfP68sS+gF7WmtON06UDwrcjTuq55+/0j4TeDnbWYNZRGVKr/XiMUbJEZthy4wfq2UFPMqGW0Dj6NZz2ryk94BxCeCBTwUgdnrZiSalKHOH3IDUXEKtmNwonl8+z5UByoljnzaDjzSnqOtfQ0VW8fDW/U1bGPw6T3ohH/t5saYQTxKPRZn6deL5QFKvBgAYKahgImbHwhSAppknw9P1Muv6KeZEYcp5V55X8GRD9VQ==
3,uCyZnTBPfysDrObJi8WZgQhsRwxipUem02MiFrch/G2DuZRASvcXoUjYiXe0lQwFT2qmloiX18xTtBGkIdRCkQWwJz2puQuAQg2SFzNNZJ88wMPqvvPz35eSJ0/WCOa28ZBS4BnyOTVNr8VjKtSODM8c6mU3eiMblBV6tKyn2VvR9UfeiTQzI+Y4iT3TPQYwCSaxUX1bM8oXNvhK8ZLbNoWOuturbglclQsjCxXXJJm/yrMbcdPb9FtzUFYP5ed+E3rSa0a6m0D/K/pqkLfB7nzb1oF3lR27iIZQR0ujQgt5V5t5bWXYY8l0BDwY2aLvvmtXLqIR53lF6vjhwNItbQ==
1,AFrLwuh4ZxfX3kjhRo5JU1Qgzk2J3t2+XQpjVY929i1KoEc8IEEe1g1GtjlLl4Dz8nMdvT05NuNDdToDEUzATqlLNZ72eEVpfqx4AgFd9HIchgdtutP6QT7CxhuQepeBDx8gEFm0urHE6hGg1dnFdqDNqAD5IXC1ajBqa7SQtXYitF5v+ko4yYq79HmFKK9qptTTPCvkFLidUrU4O5i86QOCkYjD/8OQtgzjCwBfIpetwYDpzqwdtKjBT3wIuig38w9DgDwvr2/1EpPU3dDUMmWf5NW/h360WCSbzYNKHBDAA/uosX+8F+gsqezb0I0HMSDAq6lR5n3MSvmrwguvbQ==
5,bSSxTtdA8jnxfhyfuoCjUHyMtfAJYI4i7h9Qb+HH1B+Fpb5Db1iXQMrHTKcPn1c8TFnu9nYhEZYS1crMyHDzwDrX+brVf/1WVT75TKhQxIRMU5TjvszSf4wFxB6Jytz8OddqsHs0AE+dbt2jF9Apxm3RmL/o6ICA+iJaiIlXDkEEeb2YIL8cLTaB+QNwBLw1ofC5uFRo810AQLnAN88uLVr8kRtu4WYmyBexIVcT3O7BRHrDePzDXSTf3PUw1HA87BY1bxqTYG0UNnvQbf3B/MXM55f7vu3mJkI19f0aSUR2hyIz4xh8kC4RFe5g/2ANglB/Bs3aiVhMrmFe3c9vig==
2,vTydqeFG7ImKWpxrbqIXToXf+4UyFDum56t3XZfk6xvXerzrmeIBqyDoJcoV4uMArN+Of5yzubpnK2fWqdEjueiJVKaxLygrfvfxYTThngV/VNK1sB0JvA2l648yFoObyv43r61fRFtdtV/btySL54hs7aA0JG682yQX2/VSIn95Y3Tt+KxDf2XrrAerlyyLGrHeIULqdsbaWCDbrv97GgSa/uQi1BasU3mJlKXYbCtR0QVzDQPuBbCxB5DtzRglplDRqpCZIBXmZMiWHutyN3VU1G4uldZ0tpxCUwjekBErnrEy6jOx1z1UP4o2p/jdrRkoiq5iG+A8UgUkjdY9DQ==
7,C1o5GVpIbOYOPEErUmQ61CiOv0ry3r7fbdTcyssAqLidd8JIMlqfrP7IL+64j6tospOO2JI5JQ8uhVDTOjcw/6h1l/nUW+TTgSKJnmngIdaywLT7RHmH5/SCLO7lAmYHq03RusaXcRaoJSZORAZltyR9fVevfbc32xDseLROU5XjGFiLyp2iaPgsu+zEDESWasdFal6HJqDR+wXuCh1v+b2rdSP11BGAwRpM+KWtEhRtxwjrdHVZ8c26WJhiwTOxQ76AtVZCbrFtZH8Wu7stQPAhndt411RhOoC+Z4C+IeAD69bhEM0UC5k3oRD2IarEDCMXGNfvVbL8KpHbom/B4w==
4,jdcqP7LcQ+EDS50A7e8JthQdZYrUz+uyiKlBokUCmYVlk+Sz7WJI3FjmVmelHKReNt5RuY+TY52xXpyjSJh0sivVTltLasoBcosWAnJoeo/Ywj4YjGxxbt5a1r/dMBeU4I4q2eMN60GDyN2zzcNvqWwsfhDgpFSvfXRG/B5qyGzgaTZZnqX8fUN9Tu+/U3tnbPb6gzWyLa1zzio+vHhlZKmhp9Nk9P8wjuAMncnfODGM+8QTtfxyp0JyzHZPfYH2HVPaTr3ajTYwcImyDmSd/Lh8xWVUp10dlNHBAfhacfFvulyF6urzkgxpNcgLOH7ydruYq3+otuhnU3S92Gv0LQ==
5,UoP4tUqcKqtmu2yuN0HGdyLlMti/t0FLcxr94AtCNHJpNrn3dwzvwnq3jWOhWXY/+4G0g6zedGdO/KR4NrPuqxDf3qGrzhmGUSpmxzcUnQDlEf8SUA84RZdbOPcEykEWRMRCqlLLNYonUUd/wgpz+sc7p5yglAknVB7QucmWhPR6jwR1s5aravfUTJqFdpSaJD+mQJq940/Pz7PXibftYox5p6MIwT8oQzhHZfXqTd+an0xjnuG8aMuHOgUNOkewH3q50tZ3BO8GyQFkClfY4W5oRl77u44Gyq8pGlDgDsJSd8ewzUBLnt4cYqR8xyXdY9aEyTwyz3Yx42/nCyMV8w==
2,VESLXoJ2QYyBcEI2jMx4s8B1Ee4yUH0fL+E1B9hl1xD31lAGheD30SHfvKPMKjRuZ/AR5T0TmED1nRbGX/vjCn2A02Fq/y0ZChd/O39WDulD0vY0trE8R5e13//69hBl+FjRFNEYuBZyL0EbKPnTMbeNSTucxrnDRd4Cv7qznqJwnAAzkzIRO23u/LRzMPv5v/5Qa/3cD/CqxEbJdJs9BS1RmUdQwcMPvZuA+rgAqKnaRnQQSI38tQfWvWwobR8QAfCQoNtoq9ptxJj/YwM01HKhCec/WLhp1Mmg4s9fwGtC8CnccUonGdfU7C+ECBQjws5uxKxqDTBAtUUEKZUhYQ==
1,1KwFiunkH0g70oGhaW2iUQp7v3Ac2Uo/W8r+shRskW4CSyTlWxmjXh9BD7pfnWohz6FarLcW1z6CdisJ0x60SyerfnZDPB9R11mErEio4CEnDSsIlwVCt92ksSvVi1wkSdISUDQBUACAAp7T+XjhNe5Bb/LLtIYJN2Oigc+XC0M6ZRqTHeDz2HvXfLHH2BDO+9ybrbQaZRoKzXmKdq/xio5SN8uDzH1Jgdq/ssZvOaUfkSoio/CAVmWcF7edib8vpWvoFUSCfnFDT8ncaES7aXD+Fg40/NpCF1M/w+EV3D5Np/SxD8MvZ9CYL89Uo6pw1TTzHbMo4VaVA6MYX54Zmw==
6,1ppVANnLv9RelftJhkYsxkQQDLLFJCuTShuLBcHIrG43S0wF78lSVhyG5oDlqe9qIoLHUsPKPf+Yss5NtuYdL2Y46iovlDFtwUEzpt9wG2+Wq5I2FZ+bcqeIjsiIMSIISfNTN7oDziH0LImEgwI+KuwvjnIMUNVeG0uWrG6xYL5TT48M13Z3TVWrbN8hPgUTVAt+lytqVtQUjVh+T7dZLq8cwV9Eoj4nBQJ2TmjK/ub6OFPHsWrcLpLgXnaFlqVbbxbYMhoPZ7t+Y3+UMlS3M/CJDWAHSrdFoXQiyCO9I+xz7uGpYzUlB/ElGChmn+OFzJocWN1VUsAStrC2si2khg==
5,Tzw3ygRbbcvRPkg3PJ1VnwN1h5Y7P+5i1925cX2EpcZPOFYtZh0fJ6q2/qEQKGu8M7GlGnJCeFl8Dtvrnwydve/fq4F+xY0sQ+PkVc9bSJN75NSVri3W5E35wyAXuauqZmYgsBnBLKSR7/hxnBGestCUoMz8d4w4Dbm38/qlBPh+e+cN6Z02h1/bNCzj9YHGfetvFR9zvN7vfVX6j4cTdCW2PzTVTk8xJo8ga5De9rejn14vD1wR7FHKID3BvPQa5nN3VOmgHn7l9vboyD2akA/HNqJBRrmd8mIRAPHq13Zqo74HIDEO9w3GTXSpk0Ug5lsVK55A14RuViNym+6bVg==
1,nN+MqMPCg0SQY9J0XcYsSsVug6ghHMhGysHz3wqSnNPvLJsQSbwowRXw2dT7oklpHwT/kmbUUKjov7r1+uY83nttcp6O9TpEd8eL+TN6jrnAkJ/Cjju75TqJvh2ZZoDDB86v4/8pc9oGp8X3pnxPGPsXA4nzwW3bDqeKMLtEdzQhoLBpXCwduzV4xVUxOs3SGrF5aEfKYafEHYN1+3IVASHkwA4yNXhle4fZSEiB8N8vEoahzhtOSM5Uce2Mxfxa3I/AQL3Q2yo/XXiev6UI1x3HzbRNI8cBnWOlPvf/KsO8cPoVJPuMomZm0MXBkokxoP5d84RkYvaO5gGxa5moGQ==
3,li4RQtlEpukr/41MGfqj2/eF9qxrSOaDKtW1dj2TEe9uyK7hg6+qeHefUacdKuAqqH29A5qKY3q91SI37QEKf2+cHdXBIq9jEzQktcP6HPnKN+xSJzXi6cioVzyB7SjKIPaqWNcYRcz2GcEXOB3vsK0ZllFx7pNPFCABuRk1VGHNXxoyivIQDgRa4Jbvm6Px+wBZqnAYGhG6dTaHvDZTdjYgpqQ9tpX+iCqYFAcEOf+DiiOcOdAE3gFYv8bVI5JxpPhjQtY0MvL/9lbiLPSyr1/jKwmSKPrfMK5922c66aNOD9KlbUWnpc6vZtj8K2oUzcbqP96PLXu93w4K6/hEBA==
6,HpWEoceI30EjLPNQ1feCoPhZNU01X6ETT0Z3tQRmeUo3G4bxcNpjLSKizvqfV94/DCiKVYnqV+8CGjF34ZGsVRwCT2q3NQhGf29ojAWsFLL80wMQr84gmMciGuxr+eyCGC2PIlpVWsl0VTR+BVqvYAqloAbz9ZWBM/ZnlePanJQO22FUdAyTu6CkKWjwhjR8yNPtd0qR4jtK1cIkiYdMEHMCUyyDUwIpmQb2OGjnBbS66zAJLXSb9RJkhGA+4i5mms8W765txatSGZ1GSRPo/Kqet7+WSKkSFrZcQ43c+FmcFKm4i/HXPtYpll1y55ApDPTOV92EI3YnvLd1b0H7Vg==
2,BMal40+Fc9dRakgwLxfEi4Z6N+Pr7ggEay2uYB/wuzzSUzwcQca5/A8wUqzif3LYz7roLmyznzipXedu6e2ptqw5bLbTnXNplEtw7v+yVbJNIbFsH2+e2jrtAu6nFyKlX6mPGMBRsbl0PIJgJXtAsmhzuvN9+66jDkTap4rX3L7MtscNbF912NWwq2q/GsieFsMIfUJuNDciAaXM4Ikxd/PNdqL7KKq+fWpXJn1vl+dEsoO5T1YCMbQFBsswF/01Q4unQ8uVDHlBqjqIBEVUmOlgKB3KXY5D8X9nHPozXsN7QFlw45p897mJzIJwGmU4IMV9eb8qlP8z8XOXsyJrBA==
5,ezidEq44rJPHXEn/2aViRZ/RT/HjsVCjW55BKC6MINHS8hyI2IAkKawRq0jGF+S2FNuDHrqGWL9FL+oCjW116gZpNs9w1JE86BgW73MuQJbrJvqiEu9AOJQI7bCmK7YHXUwqaMBFvY95BlTB7ixpmVfd1DQXAeunJLObXsZQPNjRfZ200t8rmwrXjUG9/YXH33HY5Bi8fjAdbyq+lMp9FW+7v7r8I+E9PyAs2yodDtjSD2Sc8FwJ2Jyrqc2E0OpWq9pWG7v2/xO1rZgYyFKwORFbDB9ls/MyQMASdGjveG3Y0Tt1qQNco6+maf9+4ooPHbiUMLbaVcmrqPzP+IayLg==
1,ZbEb+HbIpecpTVzkI3It1cR7m+e4WHPqHFicRQFZG3ONsAFa40/HiUpBgjTbYE8LDaFYbx7QJYK++Q0+dKgH34TIZindQ5ZzsWV3mdXJyO7Ilo9p86SxaqdJeVh8Ox+x0dFBRaxRG1y4zxnG3TlHIVhP0pA5jK2nFdjLiXMWgVlty9C4XGNPr5eH+N9NEObd7qyRvb9W6cAKUfcTrtkvgU/NtAzJsknaJFtpOGX04WxVZGG3RKRGwgK4XeE7N/gzguIBgHAvMzQpMtaPmwhfnZRoVReIhGT5KF01zhewYLkf9tbr8+mzlWzZyt0uoOhGnjcL2WFSlNNd1WaBauBYWg==
7,MKegKqS0iczgLnjSixSIWgiRZHnkjZ68neiyacy1RHG8oXcjzyLyaq5gHWZ4nmUWs20onsKEc/xuVzADEwc61vKz/qjdlrUB+in0qiB6NRbcIMZ/CPCw66ne4rvnjKARVTpEIprv9AE78BNzyW+euem38G7dA7+8jpA7LmKUm/VZTsLU6BFnvlwq2mRKbqGbu+wc64QxuFjrhsCCtdWw60jMqCDq+dHIyms9123+cetnX2R92wv+NwgL5r/ShHdzuII/gVnN5uzMYeJ22SQdMRYFa2FOtMAS9wEn5H6bcACOa0tORxbKv3ZOuI4Eb0XmPtIIUBYEydEFSS2+31cuOQ==
2,oxgF2Y/yMXwolfshPXVn77Bh9LSr4aTWVzAsMBPNZRcoK7Vrpmsyess0ng8f+G2Q9bE+9SgcNlfK0zDkA2h4aEvml9YKR4KC2luJyaIQYPypMXOljU4QQyLLhEb8MhQ6VsalgLVAxi6NxsC7cT/GcajxYrMVorMy8rh0tJ6MBuZpxOCydZOZmruBTXKCb4RohBdmU6FL9fM8DBGvfGyEl01FUvuXv76OU4Q/KPf1IdFG03N2M9Qmo3Qkr+RQCtMfw+5XiVKFSbflSwJK1dPgHJoGmp/iUCjSJgUw8/TCIdg3XfGkcbUUaQukkNVfwsoVdLaWbRixP0eFPh8AhLXS5Q==
1,tLb/Xkvj3SE81wNv3qW+kbMLgvuXeVbchzASNNzMZO1puJI75YJCBpXvBLzhwC9T27vNh/E3dvRdnILOYFaKWP0cA94MjSFtYxKdeaE20GHatv07dHePTElYQJVG5fPwmxPtBO+pQL/cJaZ2MkNqD0JFd1Wf6LvV39U+3OtSqQ3bU4coLir3bfFZRZJHvkeg8XnUHvlsDK0SxQQwAmavND8Fr5HvRhnrdPTFe2N8DQLYT1on2d+Bolu/vWOJEB5r31wu9kwFCWMyfHKtWBWkrW78uD8zSpFHPlqeRzZxX8n4kHxj3UayhnA1pJIMsn7RXLjmanpzojwD2O4Gl+GUtQ==
4,cZlbM8zyhqaRFCafv1C2ay+xWS0XYYHFs2hlImL2JkUgKrdDlJwLf/Pi+MyoD1J3wNoun8t8CaIbtnFvSCr7Iqa112LgjIuf++9QdSncxGoZBHNpI3a5KKSc458O4ZSNA8wLj0NRxwAI+rZqKY0iYdFwskKCVsng+OC/gQOVJotagQ3X/wppZzA8aWXtXV62mOzGEhqhBxBB6ae94ozw963P0Pm8yCbpxVLymLt2VCmpniuYNxEthnIXSmRDebBxS5lmt/bl981e6PJ+Hs0DvEjUU08NemtEryMezuzUr4zVERb1ANc9nKjAUlKMQSwUJam2xollLvFCaHe6RlJT8w==
6,Hs6AAobnmwdXiHtYh5SrBnj1lqPINJMNrngosa+8ltT09LP0K3sE3Pr3PNUjoMHqz84Dwznqq/0zX/w9uOkNIQVAE1ftQR0JckEudk8wfcJgPAeE5PB5HFZO+p34XhAaWJPqT/7k4fFgb1VQkoZcin5wmWX9Du8TAFjaPn0MJfVY1iT0q3gFf8nutizmyJtejNx7WK7Eipkilc1WpfMepkkgvfbHyVCS+89P8CAUeE8NVJ7ZVweQtIBOyz29RtNaILnQYrWj52xX1cJ9lfjn35uAxu0OglNFdOG11Itp33XfpUAWf3k2bRqM+xgVCYka3nk821hlE0T04EypvK2MCQ==
2,NY1OrpuV68lyMklv3qVE90bDepbCfcs4pOiMURgx4a7PnGoCFngVSjTg37+3YLwmbxvqaw5LOOt2K/qrAp8CA50IH3wTjglr4EnjzygJPSSns8He36WRUMF4vRDmOQJ+snic8RNjMB/Bsic3wsJkMRWzPcgb9ziNwx26G2d+H+mxwNj7M+6wZUSUfcOphA34ts7uoubsm+EtX6u54Qsb11yVJC5oAZh24YIx0MxEbfGmtEGvObCvVapRrRLCUnQKT0Fua7RCxJChiXF+Q3GdkohipzTvKZDJQlWz4vajyYux8wL/Rmq0ja9aYckCBPZYSceAGb3Pyf5NiR42Js0XCw==
1,JxrF0uakqMtms5sAh9RAhJ+/2u6eWkCG1+wjb9jjWlE2qJm/CWKHDpGZQ/Rs2AUKRp1+3JWgTn0iNBdvK4AZsOaAzUM2shUW8eH6OdYzr1sOnc+Wu2ZaTOa5opmsrz6wdtTsC1xyWYv1/TPTOR3L511IaVRCnyA+eLU53lteWVVrvY0NEjMsN4bnMJ59AAvvKPTJeySjIN06kThv6UYRFk28nkkK/k6E5yL+Y+moglENuL0RNZYSVCx+QPjy/eceyVw6Vw8wVX4iFx2uXD9ulXxyzFC6NoI02ir8lLD6wK5QggG4RQRK2tAWmbGyNm+90CKqN2AaaKJm2h9saoCEdQ==
7,TrEKQyJmE5oduzSGtpkJR7kqRCe3LFuRIcsIUo6TwGNgzwHy73pF7wUksxwb0nk4t/6+Ts9Q4ujuyTfOC7KgzM7soyDKuG0ibsTHFottnUF27H30qsNlWSvRjiXtj+loae5om4HOaUilqcX4v0NasR+0RGXDlozbO7IFRLR1pZqxo67s0Wx+S79m0g0ZTebgNvEbtBzHkdfYnaP1dR+wxymkmN+YUoscDsBoWZ5gsWUYr6DODnkq68IlmmEmRXBDjgZNXkWuQAGXa5ZjzEqs7qucW3VLilm1FimXu+xfiV1PE4RF47AfWewApuD0JLn0zjMa7YClZSqFAZ05DjAjUQ==
4,kWxznVp9pLO0gWa8cD1TVRc+c7qo0dT7YZut1QYhdXYcNYCvFufdODXEkG+qBhf2KYKJ9xPth5xAc1nmS/pCmEt8muzFw7kChgDeoLKpZK3SkAJVo4jGTlZpqDSjmcxWMTWxT06YJQYqhyPO/QtIRxcUFxWWPxzW7McHIyWglN9ollNnSHQHNHXyfot4hQsI+BEg7FriRIxjKks3poEVwF0vQWQulAOUa+gg0mVLAdevweSd+Qg1qwQGUPKMrueDziUKHK2STldybIztXO0t4S8Sz8UvhowK8xsCDOq6HYVfielHA6q4eZA1MScaYfaN6la82N7MkAUeCF9mFB+dtw==
1,t8uhAC1Jgef4efIpUisiqLqEl0RU89bJpANmnl5XaLd6oUWGF5Ldq7edjwswWZv3Kr4CWq+3b2ZyOF1BKI6dfi7hT661f8ZfxEp2AzmcR3t30ANL1FgaPnqj5hrz3XGKHdpOXZrVN6ti9VGE4TkUSYGfLCDxwrluUJBDaZaaMQ8GGGvNYE1s9Uq1qhfvkfhnK3OuY3PI391PLFOG90V1RFI8f2S5V4zpyvXtIS4O27SxUxeOFJTN24SVPqpvAU6j+1J+cm9lxLgSzBq2V8mfC4OdRv7ZFdQtFJVmEILHVn+40ycFGjwmvLrTO4WyqiMXrGjCbdS566zG+rS948l+6A==
7,AF1FhkX0pgjDMwRxKNzSQWqBgcW6Af0neTDdovER5wQt8/hIiDNn1UnGkrBMNoP0w0zYyL5fMRDs8enUTIrEdd68z8hjSMHAxdEdw/fbl2cDz6MasF9Q/u3VwS/WN2zXwFQBlrVDRr4dltHw4LaT3YhuYgwmVh96gPZ39rfOmks7XJ7XNYnwU/f+KRFk6704m62SyFZ0nQ8Q2xHFraiSI32SI+f6Tr46bUod30d9YE27flffef7piu5LwUEgOpq1OBwcGIv7EpTfiOX05asX1atGZHdyjYMPfmJoNQIL43SfGMK3HqA1K1XFZ8VX/QKh0p+0XF/ganQNvwXnVZ1Zhg==
4,GqaxiJ1UttjwXL7lM+tocQg60KyQnkCyKFUQqHWAEbH8pHt5S1Pw0/I0ByX+o54KvJT8NCDoHojHECHdE0WHSbyUfgvxQZrmifnKq7kfa+MdgK6+dq0TZfRBQhZuEoX+F5r/sUIqqOcxzIkrmy32n/2ZWlgwehBgi/Kb50z+vsdJIj3eSgA0Uj/q5+xUe9RIWkfekGepVpWKKG7izqqMtpEDAYfjiruZUjxEQ7RuJRHdbaiDp6WqgZuETs/5Kwj32AXQ5MgvkjJaaTvsJw8pE40029mBa51CN+gOK7df++0ahg/uwvln5I3QksSWYw4C9usU7TJ5NUMPeqTJIJeO1A==
5,en3YB2vWRXNYmdcnzc9cB7ExMq8gTYwqyCzq7vHILuGbFtkP+f45zs6dOZMnvM4GqSMtpM6yd/OrbYjFRmyL2srBm4tDJB+SbMSTgAYZI1oFVNNghc52lJOH0SYB7isPBoOromt1hfnf3HzYSZ47WpaW7kwYX+6ZbuGUt2kbyQ8LfB84chFBf4O7uFFwTGNBgJKUkMQWDvCn9Ju0pEEjmKsVT74SR+tqMZaFRF0dHI7QVPvWdpebPPuluO+lFxu6cSIMA85vbb6N1DugZxlPLpmHUl1A4aRKYNFMuD/BwZkbVqyN1uUMdBApxW1yWwKDZoqsj6zvC3ChoXvcYSCGsA==
3,TPO+0oYkBiedPPPtanoe6eGHQlK+aJR71XjrCwk9JKTzBb+OalxJDBSAditwW9HWezRtvntIkuFACYN8qiZxxxme5xIgVhdAhAU5QL+jFkUlv1ledl52TRUR3/vJS9AGEoM4gvxvRU3LKUbZSpHIVDNi6cyS3Nz+KR+LI8VECh/75hz7/IQ3k2YomH6Ib8uPAQSyl7ASg3ByuPDRbiOH6Vt8xxSLxhcV5Oj43R3w6MnKmBFcl2MLdS22UvHsoPRFpIyvdEh5Y0qIHZ5fgFPW9Oh7aIJvE57zqEHv7nlf63hjZOxJic977DPkeUXp4wWVjFt2JqlH9I92cD8L3QrNPg==
2,0wQPa4V+SQrkNN64OZv9/DN6e8LF4cTF31OuTXwdwwPLJo8gM1DmZrurUDZYuxgXEI5uj6s1a6yEiKINknS0KBYvjq6slaZZGjyMHbnYMSd9zklWVN0bX7UxEBCv4wSiQNdRh075WS6s2+7rSTVEZQ6WFECDPwf6o+Usz84Ikc7wU1oLD35WPbEszH4iuaxGf6tITkyj5tUzaa6eyV2pHQz/mBMkHBHq+yyVp+rzuyv0AYBT4FmlU5RiB2bKRMDj24tb7fdCFW2HTzjJ8p6l15U80amyX9VsAcKejk0qsn+5ZsuDXXjRLG4rewP31t7RiqROGA4zsNEw2jhk6jc5rg==
5,DprPSlo/QzF3YQZaoIJC99Aefyjp83zlMWMamSx5RWh8WoRp6kp2SG8ouZ5ANNBVAJ1nomCcsjQws9lA6DABsxm09OtzUCFgGUFuzlaWuc3JyHiiZFyKYDuOyZk8b7FiZDHKm8a1kVsvpEUAJsYvGegGXWAuYkR1S6c8qYlkj2I4l45w+1Az2khcy4dVrQURhMGvd5hhRZGoCLzVbLDERdNi7CXwQemHgNL6SqxAZChZct7HJ9nIeRUlY5w2c6JWS37CJCcJ4E2JLvgqoSoFqVtrKEXITg0dmsFwmJRpVd+y6UaKuXjwEkbJKpwHaaBxVT/6M0ZOWN9q3dR8uuLNeA==
6,hG9qjxEx9gwd0ZXDo8ufONv801sHl9koFBTzfM83hmAGomqN1wkooP+AExHPZ5AU1IVowgMDrfe5XXbtoqqRMHnZqXLAHfsbYrQCs3lO/XZJyAj6m0pHYOBBDqV8ZCuoUsX7N+ME94kZ4ShHuGL4rZJ4b98MPb/i/tWxHEnDxbV0xAEBPpW3BltH6nuyw7X5jEJvFaR5gyDE70zZqWOMzoLiG2mjFSnGcyE3sd+U9UwsXv89NeTysepx/8FhV11Pq7hoF/+FFuwM2UQ0FMzeRXPBEkrhytIi8OpwPUXRR9QcSHH1YjJkj+IQ0XaDaacv0evjT0flp+B/PVFEOEc76g==
2,wbe+yLEI0oViefACheCwSvkTYi7PVGNYWUiuS1iNHwiq1L6qV1whqmd4QVC8kzrm01CXPBhQE1Po+TA8h3CF/7QAQfU1MU+kIibwlcoYzHH4yGZVoCgb/PQ1NgvwTG0T9MGQfIchEo/hUVS+fitEKXsJExavwtDK5lDyjIc5+A181shzNIUiLOM0yKiJ3e7L7j+5/hbE9kjcB9w2g4mW0O6PKL2+cFrireYMlsr1zXo9V+53gcNd6JTjD6eJJF65Zn9AnCZAZ9pV4OH2Fsw81ClgXngiBFGwjg/v78PiuqI8u5rPTlA7bh/6C2o50gn66/vFO3lrnE6qazAUo8D3mw==
1,jRN126QH+Z+wJ6rzzd3ycLzEsNcfFq41XV/SpL+P/CQwX/Wvy6JNBX1e7EQ2YdqrKbcnK6NiJRaQR0/GfmkSqkyKtuvEtdTWGx5BoCPmkMLLoi3JqD0dgSCMXdzy02fnivt52WYmERgp1M+KSnN7y8aUJIQ0N5tMEg+zVkIbBYsFR+azPAlwkwnC0T343/HoQtoo7XpKzzewla4MRSeYczt+hF3lXdLnD6QDFXVkYTtcPw7O1Da/iVHvXbT7JzF5/VMGk4R2mlTX7Tf/wvFmkOqfG3wXUtejwqS+LOW8oOrnievOEMmLFPekn+3HdRSJGOOI1NCLatLt78nkFUdFnA==
8,dWzYb9SEcda5uTATImjokgJOXpN9zn+JCqC85Luv2pPf8hLv2nrTKdBJ+JjcWdU3g1y2dT3tUuiAiaGePFjrdYWUG/l/iyX9WmEW0ciPCF9b2POpkXZQz42bYvr1OQPXhVVsjgKzbpp4myDy9TXBRmFfFBuFrmY9+2oGGJcsOj0NcxAOX7Upex3Z6f0lxZ5OsVW+TAL3vvUgvb0ISIIgHzBIkUdAPey2qFFNFTgY8hLIY5+vImqHBgW9aQTYP5cqDLiR2/rEsOySAQgrxp98FXw+ewNe3QdsNkFFYAJB545L7GjKKSHLQ6mnEo8RkOYl/u6c2srWODfqjljKu1ms+Q==
4,hQYaf5oNqyMxbs0msEuQy1XS3J1fLIXLQB/hzOtK10CuX5P9V6AK98xYr09AabUfW4D/Ryp73g7AAUaD6tnuaPq8Ply1W3XG5jR6QlWEfkywJm6SNWNpJaTZVuUdXpaSjvrkjCavc5iX9pXT/2m6KTjSdIkQFhkMS4Ju1ALynXhSV8M30s5XOtQ4A5O1ivawx5wQwqS+5sI7v+NN1I4W3S3J0Hb/Lv+Xs22JlYd42iIViV5odM70x4Y767KKO914tvultBMFZBreRqf8xiyguT6MLcAiV0zwrHojs1fzuLCTocaDJ8AI9nRwe8Htv9ZhSC79MX0Tdj0d+VnFM5F2HQ==
5,gAYm80EdZFwb0tCSMjgJslZ8HReRX2nhA97Yoip1TCenUN9ndR6pjq3iVPRx/jTHbGRmanZYFfy5cGa/qxQ/h9fgxy8sUaPkaubtHQCTx+I/AMTf8lX/hM++Hkg2Db4E0kXEeVULH5OaNvuG0OXEkzmKpIcesgJjkjmoZpcVaqWx9nn532H6z0T7sM0ZS3BlJDEpmHft2V5b/icuosE/IT9EuB1ooI1GW5wA7yk34pj12PQGPKDxoqANoFp9+lf2w8Kv+/yE52g1CTTEtBqayualpXjIuM67uhytNJQ2qIih8XTempGpMXyVzMXWQlMMhk5pqh9X0YziNWZ2KK6wsw==
6,DWOc6v3hQyhQoTGV9UfFUn+0q49roeXGdjTb6m9bJXjNsRnphiYpGYe0kWUis3JMQOltjz7NdqoVOX/BA/aRzuWlBYD8m3nu/edyhdSf+VrzVpKaJj016UgnzX3yEqMdOtf1mUzu5x/Ph74Her849oj/v0XO/ZjSfwslVsplDwsD5CGqVLqo5cE00k1DncIAL6FQeN/fb3+R0vy3a8U8cHBRXFuY8CQL3yMKRIttgA7xI7dtUem0yXTfKICxQDxY+0hIMO5MFTU4faw74OiD97agxNfyJp9tRwvXj5xgpKbK3YlxBiXlRfYnMIWYD8f2GpCe5GibPlabC+snaL4YOw==
4,IlgMXS/1Y0hYWTUnKH+C4HfQV83mWXH61W4qWBKNrwhfoVm0U/2mI+kv5K31vrLTQzALEfyG4cG5ry7XVLHn5wF57InSIRTdmGDAZeACDL+UFPSAIjOpAAiWVhdulVG8zYrO31RDeklY5FDspcxB76mcmQ61f3zimf8dlS1yWh55jFss+wh114vRF2xxFdk0iZKCfadNpUEFHXO+6E4IwA5pxGmGMPcvJq3/ZvO1k12L9reN9y5RiWuW71402QW2mnwDgZ3KyfDnIiL/XS/I2gDKidnP4Mb0cKpAlArV9jWzNFrUOKbA9VAqnVMeB8pYm/yisWk/nktV6vEWc0Cx6A==
5,ag1o5LPGxVuXyr2Akte4D4pgW1gNV740GKR0Pv9ofM6b1xH/GXflfue7p7O1QEqaCRXKaOmKbTXpYgkMMe/h2wzC1mzfN8CDImITChAODE63xX41eadzrUeTwr5aWJZ2Khs1HfiqVkqjFDNVe6xgNi06vUgYXPJRlaDSXCWZhA0BExXEQATUVJpB3mUv/hpqsIE9D+LYZu55x/JmNGRr8jwdBryQtRnu2LUNu8p59nGCAwVnlkozoNqLmxgXLeif7ZXs6pILFmoBenDWaUxuTJcr0mH6WdZ7lGuCFnW0ObN79BzPo49K7P1iwnO3HEn0P0caMeIwfumTBGcdietKzg==
2,0Tzf8PtZO3LpHybqUwE87mbTJBSIsjaQ+vRRc1jLtnLrdp+v/37yZBdqoj77XHzkuiwQc4cXkefjRNzl6eX9ScAkwxl9shX6GCSlOkDoBpxmmZbGnhdQ4zvzQw73uc+u06zWdKWXq64e2gUDNVTSk2qcOhuyzsKs0s/Qq1rcPhuGDSHaOsSlZ/0oYUijoo07iXp+EOJIkJIa/4/n2ck5ksuVjrIdw0Wmtk3/Yr+OaZlJBFnxAViE5aoUpC1ptOYThRd/phf0gQqOgHvrGPkuERr8LOpJUtuQgnnpEV+pni9LZ7ylVnAGjruE8RQrqyQqk5+2B7T0W26dhksFEtWwmA==
3,tdwAViQUNghAJbYQ3jizJrPn19AHKpEvGKQaHqnFVL1tCl59gG5vXUtHoXxyYQvYZI2KTpIDd0oIKM3VSbzYz3zVJlhkeF08pFkuQMBcrVeIQAgqKe10NHSZz9icXeuc1xFk32j7kl0ns9OhTpdkSqZQCwxtgXXgjId9Ge1aJ5Kim1VDdG5B9U034Mpl67qLyWtAzp1t483Sn+zkMlrJI9MPkqdzHv48tZ52azB3jmDNzrpbu/u5tRvbQ2UVIRnyp9FpwlDc1owHP7dSyfi6m74UAwQTDBBrJRRZD4GOvzPvCJoVDrw49bj4C9tCGtr7FMI7Zb7mksUmAhQFcprWJA==
4,yg/iRsO8dKi+zzEZNuOnzUnP8Px/rXAirjql7U5upVNqrGTlsEhmYmFVjzD8QTPn+CZjlRCZ81/IbL6zhFrfp2Bbl5YV5JNzUhu6vT40SCzlSwJ+VnFr73GhSi0D7r3NOEhehzbv1N02ZKZZwJYIC5wLnxgGSrU+NdQQZEp58WUUt0HjuqJuhbHu9pbP9pZy1Cs8ZYLDT0vDV06EzLF8w/g5fWVTZ7dG9VeBq2s8pJ3dvBlP6G2915TBHnHHVyLJnqSRgBWRkQgUVXTKG1fW6sAw3bORqla+v7pmDnWNNJo7bPSFJbN2bMA+WWCKe3Sdp0WUPQ17XrvGWBqNdjwoEw==
2,vnjNhWmiT/PjH+P7TsV1cPSVt5lQSUoUNF0YLknGhOm6v/j4O6JqfLb+9u4T+XfkSEHYJmKcgPg+T8m4cSV2+9WDoc02bqse2I6dAf+zNZjE0baakDDK8KC2mjFmjhubHiY4lpsNE3nDs60sD9qnbXFada5uGSswHXyPzZ4njhQesT8crGv0ViQmUnUd6O37gYB3wlVh8vcvty2109Mg43VdHhzc/6Py683PuYAMOLRCyIq1JiFhZguBfCW0jCi+8bRbcaawZxslY2ht6fvFoAP88jB6H0Wz3wyc26j9MZ8YvRzVJqWHwGtEC1Fo19VmTtTGxIVQdkfdHRRex3hUuw==
8,C+bjutnOdA5TAPr1KcnDFXKaufL3Y6bNLJhaaRP0SW2F9AVTQiy6dRDcnCZL7wVRjob5c/cM3EbqkA6vVurY5YX9i1Of05GGqZzF3oKDbflmqwSlu6teAkiycwY5PYIzRTickVIlQgTEfzPcs/hAUwCdBG84wOEN+6SRQbG9Xqs3s4dWwtaPxRMAAmL3cJP9GL+0hoPD6Gavj/RMIJVgJCDrbazOXAYgmh36mD3+CKX/v4GvVWTKUci5Cmt37HP7TzaPOq2fE4YEzjl4yRt9eXmhgYyDb+KXydezkttbMyCd6CWIIO93iAlxsUZh1aehuzzgs9OynZmEzCpTxolgpg==
